tweet_id,ig_outgroup,dehumanization,grievance,glorification,mobilization,threat,split,source,violence_dehum
ru832d2d67dd,1,0,0,0,0,1,iaa,double+adjudicated,0
ru5665dcba89,0,0,0,0,0,0,iaa,double+adjudicated,0
rufcd97d5570,0,0,0,0,0,0,iaa,double+adjudicated,0
ru27c2a5fa85,0,0,0,0,0,0,iaa,double+adjudicated,0
ru685e2ed62d,0,0,0,0,0,0,iaa,double+adjudicated,0
rubfd499c303,0,0,0,0,0,0,iaa,double+adjudicated,0
rub6c6f58023,1,0,0,0,0,0,iaa,double+adjudicated,0
ru6d478c6794,0,0,0,0,0,0,iaa,double+adjudicated,0
rua5de16ac86,0,0,1,0,0,0,iaa,double+adjudicated,0
ru1650440051,0,0,0,0,0,0,iaa,double+adjudicated,0
ru6b8d5c7f99,0,0,0,0,0,0,iaa,double+adjudicated,0
ru50dd135fe0,0,0,0,0,0,0,iaa,double+adjudicated,0
ru29ff27d127,1,0,0,0,0,0,iaa,double+adjudicated,0
ru5fa2642e7f,0,0,0,0,0,0,iaa,double+adjudicated,0
ru9d7ebc0c45,0,0,0,0,0,0,iaa,double+adjudicated,0
ru9bfced744e,0,1,0,0,0,0,iaa,double+adjudicated,1
ru32067e8bdd,0,0,0,0,0,0,iaa,double+adjudicated,0
ru25019df289,0,0,0,0,0,1,iaa,double+adjudicated,0
rub9bbaee337,0,0,0,0,0,0,iaa,double+adjudicated,0
ru5d498aeedf,0,0,1,0,0,0,iaa,double+adjudicated,0
rub4484f0457,0,0,0,0,0,0,iaa,double+adjudicated,0
ruc096a767f6,0,0,0,0,0,0,iaa,double+adjudicated,0
ru97c931c60d,0,0,0,0,0,0,iaa,double+adjudicated,0
ruf388a30505,0,0,0,0,0,0,iaa,double+adjudicated,0
ru2a00de0218,0,0,0,0,0,0,iaa,double+adjudicated,0
ru95ca7090fe,1,0,0,0,0,0,iaa,double+adjudicated,0
ru6017c51d32,0,0,0,0,0,0,iaa,double+adjudicated,0
rud18529e0d2,0,0,0,0,0,0,iaa,double+adjudicated,0
rued924afdac,0,0,0,0,0,1,iaa,double+adjudicated,0
rue7ca04a346,1,0,0,0,0,0,iaa,double+adjudicated,0
rud9023f5a5a,0,0,0,0,0,0,iaa,double+adjudicated,0
rue8b1fc7d13,0,0,0,0,0,0,iaa,double+adjudicated,0
ru575578b1aa,0,0,0,0,0,0,iaa,double+adjudicated,0
ru96a6ca6536,0,0,0,0,0,0,iaa,double+adjudicated,0
ru2cc0168317,0,0,0,0,0,0,iaa,double+adjudicated,0
ru049ed63847,0,0,1,0,0,0,iaa,double+adjudicated,0
ru39d9e1c645,0,0,0,0,0,0,iaa,double+adjudicated,0
rud4064a6546,0,0,0,0,0,0,iaa,double+adjudicated,0
ruc6e89baf97,0,0,1,0,0,0,iaa,double+adjudicated,0
ru5d8581e5a6,0,0,0,0,0,0,iaa,double+adjudicated,0
rufeb61c336a,0,0,0,0,0,0,iaa,double+adjudicated,0
ru4512082f8f,0,0,0,0,0,0,iaa,double+adjudicated,0
ruc2bb202b49,1,0,0,0,0,0,iaa,double+adjudicated,0
ru3f8135b080,0,0,0,0,0,0,iaa,double+adjudicated,0
ru92fdcac801,0,0,0,0,0,0,iaa,double+adjudicated,0
ru8b689e320a,0,0,0,0,0,0,iaa,double+adjudicated,0
rud580cabaea,0,0,0,0,0,0,iaa,double+adjudicated,0
rub04db1dc91,1,0,1,0,1,0,iaa,double+adjudicated,0
ru48d7f73c67,1,1,0,0,0,0,iaa,double+adjudicated,1
rua583533703,0,0,0,0,0,0,iaa,double+adjudicated,0
rubbd9b6fb03,0,0,0,0,0,0,iaa,double+adjudicated,0
rub1d9481526,0,0,0,0,0,0,iaa,double+adjudicated,0
ru197a8adbf7,0,0,0,0,0,0,iaa,double+adjudicated,0
ru3bf69619f4,0,0,0,0,0,0,iaa,double+adjudicated,0
ruf08dad8858,1,0,0,0,0,0,iaa,double+adjudicated,0
rubc0a79d361,0,0,0,0,0,0,iaa,double+adjudicated,0
rue40ce2900f,0,0,0,0,0,0,iaa,double+adjudicated,0
ru10fa4e2dc0,0,0,0,0,0,0,iaa,double+adjudicated,0
ruef01711a4f,0,0,0,0,0,0,iaa,double+adjudicated,0
rudac55b099e,0,0,0,0,0,0,iaa,double+adjudicated,0
ruf156d122a6,0,0,0,0,0,0,iaa,double+adjudicated,0
ru194c289f77,0,0,0,0,0,0,iaa,double+adjudicated,0
ru927b46b489,0,0,0,0,0,0,iaa,double+adjudicated,0
ru5654915297,0,0,0,0,1,0,iaa,double+adjudicated,0
ru00a849ac17,0,0,0,0,0,0,iaa,double+adjudicated,0
ru3f96e2555c,0,0,0,0,0,0,iaa,double+adjudicated,0
ru1fe3501730,1,0,0,0,0,0,iaa,double+adjudicated,0
ru1d73f2e6df,0,0,0,0,0,0,iaa,double+adjudicated,0
rue990f258a6,0,0,0,0,0,0,iaa,double+adjudicated,0
rud7fbb85735,0,0,0,0,0,0,iaa,double+adjudicated,0
ru683f8c2b54,0,0,0,0,0,0,iaa,double+adjudicated,0
ruda787a1ee0,0,0,0,0,0,0,iaa,double+adjudicated,0
ru3c3b7e8d29,0,0,0,0,0,0,iaa,double+adjudicated,0
ru18a40b61cc,0,0,0,0,0,0,iaa,double+adjudicated,0
rufc382c3a72,0,0,0,0,0,0,iaa,double+adjudicated,0
ru4243ecc367,0,0,0,0,0,0,iaa,double+adjudicated,0
ruc46ba02a5f,0,0,0,0,0,0,iaa,double+adjudicated,0
rubb6c6b7d0f,0,0,0,0,0,0,iaa,double+adjudicated,0
ru33a4fef3c1,0,0,0,0,0,0,iaa,double+adjudicated,0
ru35b3dfe5ea,0,0,0,0,0,0,iaa,double+adjudicated,0
ru1eb0ac9d85,1,0,0,0,0,0,iaa,double+adjudicated,0
ruef486cf01f,0,0,1,0,1,0,iaa,double+adjudicated,0
ruc5f0daf41b,0,0,0,0,0,0,iaa,double+adjudicated,0
ru93a0e642aa,0,0,0,0,0,0,iaa,double+adjudicated,0
ru0c271fa506,0,0,0,0,0,0,iaa,double+adjudicated,0
ru0c857faba5,1,0,0,0,0,0,iaa,double+adjudicated,0
rua4367241c3,0,0,0,0,0,0,iaa,double+adjudicated,0
ru3f9cd3bbb2,1,0,0,0,0,0,iaa,double+adjudicated,0
ruba51d0d126,0,0,0,0,1,1,iaa,double+adjudicated,0
ru9de6feda06,0,0,0,0,0,1,iaa,double+adjudicated,0
ru91c4846600,0,0,0,0,0,0,iaa,double+adjudicated,0
ruab409fbb72,0,0,0,0,0,0,iaa,double+adjudicated,0
rud96f849f01,0,0,1,0,0,0,iaa,double+adjudicated,0
ru236c2217d0,0,0,0,0,0,0,iaa,double+adjudicated,0
ru133f46ae1e,0,0,0,0,0,0,iaa,double+adjudicated,0
ruca4519b810,0,0,0,0,0,0,iaa,double+adjudicated,0
ru68b35d727b,0,0,0,0,0,0,iaa,double+adjudicated,0
ru05f8c74c49,0,0,0,0,0,1,iaa,double+adjudicated,0
ru6df024e498,1,0,0,0,1,0,iaa,double+adjudicated,0
ruade6a53ecc,0,0,0,0,0,0,iaa,double+adjudicated,0
rub429d14dca,0,0,0,0,0,0,iaa,double+adjudicated,0
ru84cc463591,0,0,1,0,0,0,iaa,double+adjudicated,0
rub277fc833b,0,0,0,0,0,0,iaa,double+adjudicated,0
ru2f24cca41e,0,0,0,0,0,0,iaa,double+adjudicated,0
ru78b9c8ed8c,0,0,0,0,0,0,iaa,double+adjudicated,0
ru9638967d85,0,0,0,0,1,0,iaa,double+adjudicated,0
ru544d1d93f5,0,0,0,0,0,0,iaa,double+adjudicated,0
ru51865f25dd,0,0,1,0,0,0,iaa,double+adjudicated,0
ru716d7f844f,0,0,0,0,0,0,iaa,double+adjudicated,0
ru39a0fbbf93,1,0,0,0,0,0,iaa,double+adjudicated,0
rub7f4bf0581,0,0,0,0,0,0,iaa,double+adjudicated,0
ru8cc7280f21,0,0,1,0,0,0,iaa,double+adjudicated,0
rucf776fcc4d,1,0,0,0,0,0,iaa,double+adjudicated,0
ru12dc73bf7a,0,0,0,0,0,0,iaa,double+adjudicated,0
rufc70b52bf7,0,0,0,0,0,0,iaa,double+adjudicated,0
ru4c4a4c0f16,0,0,0,0,0,0,iaa,double+adjudicated,0
ru3fbd70c93a,0,0,0,0,0,0,iaa,double+adjudicated,0
rubf0f3b5bf2,0,0,0,0,0,0,iaa,double+adjudicated,0
ru3214c1412e,0,0,0,0,0,0,iaa,double+adjudicated,0
ru7cbd75d993,0,0,0,0,0,0,iaa,double+adjudicated,0
rua6e9f85ccf,0,0,0,0,0,0,iaa,double+adjudicated,0
ru87c39f2995,0,0,0,0,0,0,iaa,double+adjudicated,0
ru54147aba1b,0,0,0,0,0,0,iaa,double+adjudicated,0
rue5805f22a6,1,0,0,0,0,0,iaa,double+adjudicated,0
ru68954d69da,1,0,0,1,1,0,iaa,double+adjudicated,1
ru5f0965cf7d,0,0,1,1,0,0,iaa,double+adjudicated,1
ru6a309e22d1,0,0,0,0,0,0,iaa,double+adjudicated,0
ru73031520a6,1,0,0,1,0,0,iaa,double+adjudicated,1
rub0c05a623b,0,0,0,0,0,0,iaa,double+adjudicated,0
ru2e8748c401,0,0,0,0,0,0,iaa,double+adjudicated,0
ru689ece7d89,0,0,0,0,0,0,iaa,double+adjudicated,0
ru9a21aea2d8,0,0,0,0,0,0,iaa,double+adjudicated,0
ru4bdf21a390,0,0,0,0,0,0,iaa,double+adjudicated,0
ru1e0d3f42be,0,0,0,0,0,0,iaa,double+adjudicated,0
ru41be0a9a60,0,0,0,0,0,0,iaa,double+adjudicated,0
ru7ae0466a97,0,0,0,0,0,0,iaa,double+adjudicated,0
rub5ba5301c8,0,0,0,0,0,0,iaa,double+adjudicated,0
rua3e5945208,0,0,0,0,0,0,iaa,double+adjudicated,0
rub8c176cfad,0,0,0,0,0,0,iaa,double+adjudicated,0
rubca26c4601,0,0,0,0,0,0,iaa,double+adjudicated,0
ru54e8c8ba5a,1,0,0,0,0,0,iaa,double+adjudicated,0
ru0043ab18da,0,0,0,0,0,0,iaa,double+adjudicated,0
ru45faa86bf9,0,0,0,0,0,0,iaa,double+adjudicated,0
rud34ca9607e,0,0,0,0,0,0,iaa,double+adjudicated,0
rub95730f8cd,0,0,0,0,0,0,iaa,double+adjudicated,0
ru8dc03cd2b4,0,0,0,0,0,0,iaa,double+adjudicated,0
ruaa04c7abb1,0,0,0,0,0,0,iaa,double+adjudicated,0
rua3df3d8b63,0,0,0,0,0,0,iaa,double+adjudicated,0
ru0b3560e91e,0,0,0,0,0,0,iaa,double+adjudicated,0
ru5fa6aebe94,0,0,0,0,0,0,iaa,double+adjudicated,0
ru4a77a9761a,0,0,0,0,0,0,iaa,double+adjudicated,0
ru970abd4ac4,0,0,0,0,0,0,iaa,double+adjudicated,0
ru1c19fc2b45,0,0,0,0,0,0,iaa,double+adjudicated,0
ru15d7273dab,1,0,0,0,0,0,iaa,double+adjudicated,0
rueef3ececf2,0,0,0,0,0,0,iaa,double+adjudicated,0
rubd4a7929b2,0,0,0,0,0,0,iaa,double+adjudicated,0
ru77fd31c427,0,0,0,0,0,0,iaa,double+adjudicated,0
ru5ae9479bb0,0,0,0,0,0,0,iaa,double+adjudicated,0
ru30cabf506b,0,0,1,0,0,0,iaa,double+adjudicated,0
ruc6ba8928d5,1,0,0,1,1,0,iaa,double+adjudicated,1
ru7b9e64071f,0,0,1,0,0,0,iaa,double+adjudicated,0
ru8b7a0cdbe6,0,0,0,0,1,0,iaa,double+adjudicated,0
ru6f2962e3bd,0,0,0,0,0,0,iaa,double+adjudicated,0
ru8d48ac014c,0,0,0,0,0,0,iaa,double+adjudicated,0
ru28d1299ce6,0,0,0,0,0,0,iaa,double+adjudicated,0
ru8754731a3c,0,0,0,0,0,0,iaa,double+adjudicated,0
ru098c4b39eb,1,1,0,0,0,0,iaa,double+adjudicated,1
ru4744565a1e,0,0,0,0,0,0,iaa,double+adjudicated,0
ru4d3174d750,1,0,0,0,0,0,iaa,double+adjudicated,0
ru4a21e13f4f,1,0,0,0,0,0,iaa,double+adjudicated,0
rue70acd4539,0,0,0,0,0,0,iaa,double+adjudicated,0
ru5aa61986f2,0,0,0,0,0,0,iaa,double+adjudicated,0
ru5957970473,0,0,0,0,0,0,iaa,double+adjudicated,0
ru34936e03b2,0,0,0,0,0,0,iaa,double+adjudicated,0
rubeeb1bd505,0,0,0,0,0,0,iaa,double+adjudicated,0
ru762874f7a6,0,0,0,0,0,0,iaa,double+adjudicated,0
ru027e394406,0,0,0,0,0,0,iaa,double+adjudicated,0
ruff9f3ef2fc,0,0,0,0,0,0,iaa,double+adjudicated,0
ru0def98500c,1,0,1,0,0,0,iaa,double+adjudicated,0
rube4c789f14,0,0,0,0,0,0,iaa,double+adjudicated,0
ru4589b1c3a2,0,0,0,0,0,0,iaa,double+adjudicated,0
ru5f81dc1514,0,0,0,0,0,0,iaa,double+adjudicated,0
rucf2b7a7205,0,0,0,0,0,0,iaa,double+adjudicated,0
ru8bdba57013,0,0,0,0,0,0,iaa,double+adjudicated,0
ru266e64d635,0,0,0,0,0,0,iaa,double+adjudicated,0
ru7ec212a66d,0,0,0,0,0,0,iaa,double+adjudicated,0
rufec7338626,0,0,0,0,0,0,iaa,double+adjudicated,0
rua211cfdf26,0,0,0,0,0,0,iaa,double+adjudicated,0
ru2451cc1bde,0,0,0,0,0,0,iaa,double+adjudicated,0
rufdc453d142,0,0,0,0,0,0,iaa,double+adjudicated,0
ru86ed9f2bcd,0,0,0,0,0,0,iaa,double+adjudicated,0
rucc2bb348b3,0,0,0,0,0,0,iaa,double+adjudicated,0
ru3a6fff292e,1,0,0,0,0,0,iaa,double+adjudicated,0
ru5c891f10a8,0,0,0,0,0,0,iaa,double+adjudicated,0
rudc59034c6c,0,0,0,0,1,0,iaa,double+adjudicated,0
ru676619cde3,1,0,0,0,0,0,iaa,double+adjudicated,0
rubc19beb753,0,0,0,0,0,0,iaa,double+adjudicated,0
ru5ec636ff9d,0,0,0,0,0,0,iaa,double+adjudicated,0
ru4ffa9b9fb9,0,0,0,0,0,0,iaa,double+adjudicated,0
rufd39c033f6,0,0,0,0,0,0,iaa,double+adjudicated,0
ru19bd812954,0,0,0,0,0,0,iaa,double+adjudicated,0
ru78527c6931,0,0,0,0,0,0,iaa,double+adjudicated,0
ru309a9d463a,0,0,0,0,0,0,iaa,double+adjudicated,0
ru69c783ea96,0,0,0,0,0,0,iaa,double+adjudicated,0
ru4f2108ab01,0,0,0,0,0,0,iaa,double+adjudicated,0
ru32a7faeedb,0,0,0,0,0,0,iaa,double+adjudicated,0
ru5ce88cd224,0,0,1,0,0,0,iaa,double+adjudicated,0
ru796c41040d,1,0,0,0,0,0,iaa,double+adjudicated,0
ru6a091cc17f,1,0,0,0,0,0,iaa,double+adjudicated,0
ru97cfe17238,0,0,0,0,0,0,iaa,double+adjudicated,0
ru824dab65fa,0,0,0,0,0,0,iaa,double+adjudicated,0
ruf79c907880,0,0,0,0,0,0,iaa,double+adjudicated,0
ru8433eb733f,0,0,0,0,0,0,iaa,double+adjudicated,0
rua89a9f00c3,0,0,0,0,0,0,iaa,double+adjudicated,0
ru9739b6f904,0,0,0,0,0,0,iaa,double+adjudicated,0
ru6a113c2f73,0,0,0,0,0,0,iaa,double+adjudicated,0
rue923bdc081,0,0,0,0,0,0,iaa,double+adjudicated,0
rua5138b7d49,0,0,0,0,0,0,iaa,double+adjudicated,0
ru9940ddc3ed,0,0,0,0,0,0,iaa,double+adjudicated,0
rua9d0b6937b,0,0,0,0,0,0,iaa,double+adjudicated,0
rue01cbd231f,0,0,0,0,0,0,iaa,double+adjudicated,0
ru776dc6a355,0,0,0,0,0,0,iaa,double+adjudicated,0
rube07728a8d,0,0,0,0,0,0,iaa,double+adjudicated,0
ruea701d2522,0,0,0,0,0,0,iaa,double+adjudicated,0
rub92165a5e6,0,0,0,0,0,0,iaa,double+adjudicated,0
ru6d9e2f79d6,0,0,0,0,0,0,iaa,double+adjudicated,0
ru2ffa96a1e9,0,0,0,0,0,0,iaa,double+adjudicated,0
ru2f41287768,0,0,0,0,0,0,iaa,double+adjudicated,0
ru25bfddad32,1,0,0,0,0,0,iaa,double+adjudicated,0
ruf4dc50773c,0,0,0,0,0,0,iaa,double+adjudicated,0
ru926a41047d,0,0,0,0,0,0,iaa,double+adjudicated,0
ru17f5689868,0,0,0,0,0,0,iaa,double+adjudicated,0
ru324bd3a812,0,0,0,0,0,0,iaa,double+adjudicated,0
ru3770073890,0,0,0,0,0,0,iaa,double+adjudicated,0
ru1c1ef342e3,0,0,0,0,0,0,iaa,double+adjudicated,0
ruf0502de154,0,0,1,0,1,0,iaa,double+adjudicated,0
rud9c3558d77,0,0,0,0,0,0,iaa,double+adjudicated,0
rua70bb6fad5,1,0,0,0,0,0,iaa,double+adjudicated,0
ru1f5db328fb,0,0,0,0,0,0,iaa,double+adjudicated,0
ru8a88a1f893,0,0,0,0,0,0,iaa,double+adjudicated,0
ru5cf22ea56d,1,0,0,0,0,0,iaa,double+adjudicated,0
ru04888cb367,1,0,0,0,0,0,iaa,double+adjudicated,0
ru5a8cba8112,0,0,0,0,0,0,iaa,double+adjudicated,0
ru4ddec15930,0,0,0,0,0,0,iaa,double+adjudicated,0
rubfc9d34aaf,1,0,0,0,0,0,iaa,double+adjudicated,0
ru601295aeaa,0,1,0,0,0,0,iaa,double+adjudicated,1
rua5dff6b2da,0,0,0,0,0,0,iaa,double+adjudicated,0
ru854d2f4aa5,1,0,0,0,0,0,iaa,double+adjudicated,0
rub33f203376,0,0,0,0,0,0,iaa,double+adjudicated,0
rue78105216d,0,0,0,0,0,0,iaa,double+adjudicated,0
rub61149c6ca,0,0,1,0,0,0,iaa,double+adjudicated,0
ru33f87ebb21,0,0,0,0,0,0,iaa,double+adjudicated,0
ru17598c94cd,0,0,0,0,0,0,iaa,double+adjudicated,0
ru3862e684c5,0,0,0,0,0,0,iaa,double+adjudicated,0
ruc38eba950a,0,0,0,0,0,0,iaa,double+adjudicated,0
ru2f0e4c868e,0,0,0,0,0,0,iaa,double+adjudicated,0
ru9b43ddde97,0,0,0,0,0,0,iaa,double+adjudicated,0
ruaf05681485,0,0,0,0,0,0,iaa,double+adjudicated,0
ru885aa7b23f,0,0,0,0,0,0,iaa,double+adjudicated,0
ru02ee651b2d,0,0,0,0,0,0,iaa,double+adjudicated,0
rua76bce2ea4,0,0,0,0,0,0,iaa,double+adjudicated,0
ru5e3f066305,0,0,0,0,0,0,iaa,double+adjudicated,0
ruca5cf66061,0,0,0,0,0,0,iaa,double+adjudicated,0
ruad0c6f883f,0,0,0,0,0,0,iaa,double+adjudicated,0
ruf324d26d9b,0,0,0,0,0,0,iaa,double+adjudicated,0
ru0d059e9a71,0,0,0,0,0,0,iaa,double+adjudicated,0
ru27577a856d,1,0,0,0,0,0,iaa,double+adjudicated,0
ru7b4d948c52,0,0,0,0,0,0,iaa,double+adjudicated,0
rue6efa64022,0,0,0,0,0,0,iaa,double+adjudicated,0
rufa50597223,0,0,0,0,0,0,iaa,double+adjudicated,0
ru86570b379e,0,0,0,0,0,0,iaa,double+adjudicated,0
ru91fcca0b91,0,0,0,0,0,0,iaa,double+adjudicated,0
rua9e4361639,0,0,1,0,1,0,iaa,double+adjudicated,0
ru77a9db2787,0,0,0,0,0,0,iaa,double+adjudicated,0
ru36245a4947,0,0,0,0,0,0,iaa,double+adjudicated,0
ru795c5aa5dc,1,0,0,0,0,0,iaa,double+adjudicated,0
ru20b5157cb9,0,0,0,0,0,0,iaa,double+adjudicated,0
ru70c9c804a6,0,0,0,0,0,0,iaa,double+adjudicated,0
ruf0e938c118,0,0,0,0,0,0,iaa,double+adjudicated,0
ru2c57d355c0,0,0,0,0,0,0,iaa,double+adjudicated,0
ru4be173283e,0,0,0,0,0,0,iaa,double+adjudicated,0
ru5fcd8f5e64,0,0,0,0,0,0,iaa,double+adjudicated,0
ru098a138d41,0,0,0,0,0,0,iaa,double+adjudicated,0
ru4d37dbcfc7,0,0,0,0,0,0,iaa,double+adjudicated,0
ruf4db17c427,0,0,0,0,0,0,iaa,double+adjudicated,0
ruc338e6d0bd,0,0,0,0,0,0,iaa,double+adjudicated,0
ru2b99af761b,0,0,0,0,0,0,iaa,double+adjudicated,0
rub8bfcceabd,0,0,0,0,0,0,iaa,double+adjudicated,0
ru1df2298158,0,0,0,0,0,0,iaa,double+adjudicated,0
rud5ab980d51,0,0,0,0,0,0,iaa,double+adjudicated,0
ru878f52085d,0,0,0,0,0,0,iaa,double+adjudicated,0
rucfffc3017b,1,0,0,0,0,0,iaa,double+adjudicated,0
ru362c302ab8,0,0,0,1,0,0,iaa,double+adjudicated,1
ru286a7be74e,0,0,0,0,0,0,iaa,double+adjudicated,0
ru1d31046686,0,0,0,0,0,0,iaa,double+adjudicated,0
ru5d9a3d79b0,1,0,0,0,0,0,iaa,double+adjudicated,0
rud9072f0c1d,1,0,1,0,0,0,iaa,double+adjudicated,0
ru56a93bed5d,0,0,0,0,0,0,iaa,double+adjudicated,0
ru14abd69cd2,1,0,1,0,0,0,iaa,double+adjudicated,0
ru0f53f30303,0,0,0,0,0,0,iaa,double+adjudicated,0
rue8c5283ff8,0,0,0,0,0,0,iaa,double+adjudicated,0
ruf39c09096b,0,0,0,0,0,0,iaa,double+adjudicated,0
rude5a431c17,1,0,0,0,0,0,iaa,double+adjudicated,0
ru809eba57fe,0,0,0,0,0,0,iaa,double+adjudicated,0
ru33160e2562,0,0,1,0,0,0,iaa,double+adjudicated,0
ru787c3243a2,0,0,0,0,0,0,iaa,double+adjudicated,0
ru194045459a,0,0,0,0,0,0,iaa,double+adjudicated,0
ruf7c222667d,0,0,0,0,0,0,iaa,double+adjudicated,0
ru7f05eea102,0,0,0,0,0,0,iaa,double+adjudicated,0
rue0fcdd57a2,0,0,0,0,0,0,iaa,double+adjudicated,0
ru602cf0ea29,0,0,0,0,0,0,iaa,double+adjudicated,0
ru435e2dc609,0,0,0,0,0,0,iaa,double+adjudicated,0
ruf76f024387,0,0,1,0,0,0,iaa,double+adjudicated,0
ru89d16672e6,0,0,0,0,0,0,iaa,double+adjudicated,0
rucd4cba0348,0,0,0,0,0,0,iaa,double+adjudicated,0
rude0ff93df3,0,0,0,0,0,0,iaa,double+adjudicated,0
ruf129df2fba,0,0,0,0,0,0,iaa,double+adjudicated,0
ruc72641bd71,0,0,1,0,0,0,iaa,double+adjudicated,0
ru195c8018b5,0,0,0,0,0,0,iaa,double+adjudicated,0
rub6b77ded89,0,0,0,0,0,0,iaa,double+adjudicated,0
ru6be73a95e9,0,0,0,0,0,0,iaa,double+adjudicated,0
ru490713563d,0,0,0,0,0,0,iaa,double+adjudicated,0
ru94a97e7a85,0,0,0,0,0,0,iaa,double+adjudicated,0
ru98e5c72aed,0,0,0,0,0,0,iaa,double+adjudicated,0
ru95043b7881,0,0,0,0,0,0,iaa,double+adjudicated,0
rufde5b41fae,0,0,0,0,0,0,iaa,double+adjudicated,0
ru9d10dd2556,0,0,0,0,0,0,iaa,double+adjudicated,0
rud221e483a2,0,0,0,0,0,0,iaa,double+adjudicated,0
rufecc83d0b1,1,0,0,0,0,0,iaa,double+adjudicated,0
ru17816184d5,0,0,0,0,0,0,iaa,double+adjudicated,0
ru6edc401377,0,0,0,0,0,0,iaa,double+adjudicated,0
ru1c53eb5676,0,1,0,0,0,0,iaa,double+adjudicated,1
ru3a31bbc1ec,0,0,0,0,0,0,iaa,double+adjudicated,0
ruc68b8d32fd,0,0,0,0,0,0,iaa,double+adjudicated,0
ruc46498186b,0,0,0,0,0,0,iaa,double+adjudicated,0
ru0b3edb2943,0,0,0,0,0,0,iaa,double+adjudicated,0
ru8030aced8f,0,0,0,0,1,0,iaa,double+adjudicated,0
ru6168c99a39,1,0,0,0,0,0,iaa,double+adjudicated,0
rua67f7749a0,0,0,0,0,0,0,iaa,double+adjudicated,0
ru5e3b457b2e,0,0,0,0,0,0,iaa,double+adjudicated,0
ru792f71a955,0,0,0,0,0,0,iaa,double+adjudicated,0
rud7c34c5995,1,0,1,0,1,0,iaa,double+adjudicated,0
ru456ce86b0f,0,0,0,0,0,0,iaa,double+adjudicated,0
ru7e1d9d6aef,0,0,0,0,0,0,iaa,double+adjudicated,0
ruedb18ba01d,0,0,0,0,0,0,iaa,double+adjudicated,0
ru42dc416ae0,0,0,0,0,0,0,iaa,double+adjudicated,0
ru0dbe75d2f8,0,0,0,0,0,0,iaa,double+adjudicated,0
ru1bab4393e3,0,0,0,0,0,0,iaa,double+adjudicated,0
ru1cdca1a7b1,0,0,0,0,0,0,iaa,double+adjudicated,0
rudbf0c8f287,0,0,0,0,0,0,iaa,double+adjudicated,0
ru107bf4e08f,1,0,0,0,0,0,solo1,annotator1,0
rua6d19367c2,0,0,0,0,0,0,solo1,annotator1,0
ru9e0ca6d88d,0,0,0,0,0,0,solo1,annotator1,0
rue1617c1fc8,0,0,0,0,0,0,solo1,annotator1,0
ru4a599dc50d,1,0,0,0,0,0,solo1,annotator1,0
rud0fdb934bd,0,0,1,0,0,0,solo1,annotator1,0
rucf8407417d,1,0,0,0,0,0,solo1,annotator1,0
ru058c74821c,0,0,0,0,0,0,solo1,annotator1,0
ru73dea263b7,0,0,0,0,0,0,solo1,annotator1,0
rud4d1145e49,0,0,0,0,0,0,solo1,annotator1,0
rueabc3ef1ad,0,0,0,0,0,0,solo1,annotator1,0
rub98ad20325,1,0,0,0,0,0,solo1,annotator1,0
rua6d2381537,0,0,0,0,0,1,solo1,annotator1,0
ruf1618f0c2c,0,0,0,0,0,0,solo1,annotator1,0
ru38f7f8ef96,0,0,0,0,0,0,solo1,annotator1,0
rub324a64a9d,0,0,0,0,1,0,solo1,annotator1,0
ruc20420391f,0,0,0,0,0,0,solo1,annotator1,0
ru797a7fbb0b,0,0,0,0,0,0,solo1,annotator1,0
rudc29a832b2,0,0,0,0,0,0,solo1,annotator1,0
ru4deb53f836,1,0,0,0,0,0,solo1,annotator1,0
ru4b21a25a65,0,0,0,0,0,0,solo1,annotator1,0
rude87311257,0,0,0,0,0,0,solo1,annotator1,0
ru7ed0256e6d,0,1,0,0,0,0,solo1,annotator1,1
ru62c1188eaa,0,0,0,0,0,0,solo1,annotator1,0
ru0ea63de2c8,1,0,0,0,0,0,solo1,annotator1,0
ru783aac299e,0,0,0,0,0,0,solo1,annotator1,0
ru4b66eeb80e,0,0,0,0,0,0,solo1,annotator1,0
ruafb2e2c37a,0,0,0,0,0,0,solo1,annotator1,0
ru64f5c9a01c,0,0,0,0,0,0,solo1,annotator1,0
ruf2a28e6c02,0,0,0,0,0,0,solo1,annotator1,0
rub2d4d6a6d0,0,0,0,0,0,0,solo1,annotator1,0
rua723414481,0,0,0,0,0,0,solo1,annotator1,0
ruec16e83cd9,0,0,0,0,0,0,solo1,annotator1,0
ru3da9893083,0,0,0,0,0,0,solo1,annotator1,0
ru242ee93919,0,0,0,0,1,0,solo1,annotator1,0
ru9927dbea4f,0,0,0,0,0,0,solo1,annotator1,0
ruf828ad3b18,0,0,0,0,0,0,solo1,annotator1,0
rucc667ea0c8,0,0,0,0,0,0,solo1,annotator1,0
rufafaf0f6f2,0,0,0,0,0,0,solo1,annotator1,0
ru2dedd1ad43,1,0,0,0,0,0,solo1,annotator1,0
ruace02a1983,0,0,0,0,0,0,solo1,annotator1,0
rudd207eef71,1,0,0,0,0,1,solo1,annotator1,0
ru5367d2e8cf,0,0,0,0,0,0,solo1,annotator1,0
rua4e8094f6f,0,0,0,0,0,0,solo1,annotator1,0
rub0168e5522,0,0,0,0,0,0,solo1,annotator1,0
ru90ab229669,0,0,0,0,1,0,solo1,annotator1,0
ru980f90abdd,1,0,0,0,0,0,solo1,annotator1,0
ru6b0ea796cb,0,0,0,0,0,0,solo1,annotator1,0
ruc7a925f9a9,0,0,0,0,0,0,solo1,annotator1,0
ruf34db69e92,0,0,0,0,0,0,solo1,annotator1,0
ru168751601e,0,0,0,0,0,0,solo1,annotator1,0
ru2014755545,0,0,0,0,0,0,solo1,annotator1,0
ru9fde85050f,0,0,0,0,0,0,solo1,annotator1,0
ru9fa7672a7b,0,0,0,0,0,0,solo1,annotator1,0
rub0a75fd41d,0,0,0,0,0,0,solo1,annotator1,0
ru2b04bb0ca4,0,0,1,0,0,0,solo1,annotator1,0
rue6804a6559,0,0,0,0,0,0,solo1,annotator1,0
rua041572da6,0,0,0,0,0,0,solo1,annotator1,0
ru732f9bd698,0,0,0,0,0,0,solo1,annotator1,0
ru8d8ac460dc,0,0,0,0,0,0,solo1,annotator1,0
ru1531e97355,0,0,0,0,0,0,solo1,annotator1,0
ru123d0be8ce,0,0,0,0,0,0,solo1,annotator1,0
rubfa1ada5dc,0,0,0,0,0,0,solo1,annotator1,0
ruea921905a5,0,0,0,0,0,0,solo1,annotator1,0
ru382553045d,0,0,0,0,0,0,solo1,annotator1,0
rua0c9145d2b,0,0,0,0,0,0,solo1,annotator1,0
ruf84c52792f,0,0,0,0,0,0,solo1,annotator1,0
rufda8d8a320,0,0,0,0,0,0,solo1,annotator1,0
rueae3f4a596,0,0,0,0,0,0,solo1,annotator1,0
rubd040350cd,0,0,1,0,0,0,solo1,annotator1,0
ru531fd35ccb,0,0,0,0,0,0,solo1,annotator1,0
ru3c0e0cf157,0,0,0,0,0,0,solo1,annotator1,0
ru6fd6cda71a,0,0,0,0,0,0,solo1,annotator1,0
ru6ed450c88a,0,0,0,0,0,0,solo1,annotator1,0
ru9675dfabe3,0,0,0,0,0,0,solo1,annotator1,0
rub28543d18b,0,0,0,0,0,0,solo1,annotator1,0
ruc2eefc155b,0,0,0,0,0,0,solo1,annotator1,0
rub9fe01a7d1,0,0,0,0,0,0,solo1,annotator1,0
ru1ccbb9ae10,0,0,0,0,0,0,solo1,annotator1,0
rue1ad1b3235,0,0,0,0,0,0,solo1,annotator1,0
ruecc3045dd8,1,0,0,0,1,1,solo1,annotator1,0
rub0a96b35d2,0,0,0,0,0,0,solo1,annotator1,0
ru1c46f41afe,0,0,0,0,0,0,solo1,annotator1,0
ru87bbe5ada2,0,0,0,0,0,0,solo1,annotator1,0
rub08208e359,0,0,1,0,0,0,solo1,annotator1,0
ruf6f1da46bc,0,0,0,0,0,0,solo1,annotator1,0
ru1607c52f97,0,0,0,0,0,0,solo1,annotator1,0
ru4e3fc57263,0,0,0,0,1,0,solo1,annotator1,0
ru0326481e44,0,0,0,0,0,0,solo1,annotator1,0
ru964089c9e4,0,0,0,0,0,0,solo1,annotator1,0
ru7ab54ed883,0,0,0,0,0,0,solo1,annotator1,0
ru28a0876ee4,0,0,0,0,0,0,solo1,annotator1,0
ru66fc912f0a,0,0,0,0,0,0,solo1,annotator1,0
ru3c7df9038e,0,0,0,0,0,0,solo1,annotator1,0
rucaff5ae9d0,1,0,0,0,1,0,solo1,annotator1,0
ru0612e10990,0,0,0,0,0,0,solo1,annotator1,0
rudeeb7cd710,0,0,0,0,0,0,solo1,annotator1,0
ru67f24c9953,0,0,0,0,0,0,solo1,annotator1,0
ru498e9c9518,0,0,0,0,0,0,solo1,annotator1,0
rua2403e11cf,0,0,0,0,0,0,solo1,annotator1,0
ruba724c0b88,0,0,0,0,0,0,solo1,annotator1,0
ru7b592e3921,0,0,0,0,0,0,solo1,annotator1,0
ru63f7e35eb0,0,0,0,0,0,0,solo1,annotator1,0
ru1e1c9440f2,0,0,0,0,0,0,solo1,annotator1,0
ruee38fe77f5,0,0,0,0,0,0,solo1,annotator1,0
ru13b63d62e4,0,0,0,0,0,0,solo1,annotator1,0
ru43bcc7a53d,0,0,0,0,0,0,solo1,annotator1,0
ru3a65dfa051,0,1,0,0,0,0,solo1,annotator1,1
rufebadb7796,0,0,0,0,0,0,solo1,annotator1,0
ru39ced5907f,0,0,0,0,0,0,solo1,annotator1,0
ru99e32060b7,1,0,0,0,0,0,solo1,annotator1,0
ru8dc7d077cb,0,0,0,0,0,0,solo1,annotator1,0
ru3c47e0e72e,0,0,0,0,0,0,solo1,annotator1,0
ru7069bef777,1,0,0,0,0,0,solo1,annotator1,0
ruabf79525f4,0,0,0,0,0,0,solo1,annotator1,0
ru35863dd028,1,0,0,0,0,0,solo1,annotator1,0
ru97a2f71f19,0,0,0,0,0,0,solo1,annotator1,0
ru1b9a6f8493,0,0,0,0,0,0,solo1,annotator1,0
ru444226db10,0,0,0,0,0,0,solo1,annotator1,0
rua77902d104,0,0,0,0,0,0,solo1,annotator1,0
ru8a3062b127,0,0,0,0,0,0,solo1,annotator1,0
ruf2da49bbba,0,0,0,0,0,0,solo1,annotator1,0
ru81d7d96413,0,0,0,0,0,0,solo1,annotator1,0
ru846eef9c11,0,0,0,0,0,0,solo1,annotator1,0
rub3e9a728a6,0,0,0,0,0,0,solo1,annotator1,0
ru77b0b0eb10,0,0,0,0,0,0,solo1,annotator1,0
ru7a592e96f1,0,0,0,0,0,0,solo1,annotator1,0
ruab77084e5a,1,0,1,0,0,0,solo1,annotator1,0
ru56fa357235,0,0,0,0,0,0,solo1,annotator1,0
ru9756e0e36b,0,0,0,0,0,0,solo1,annotator1,0
rufaa366e0ef,0,0,0,0,0,0,solo1,annotator1,0
ru3cca7048f9,0,0,0,0,0,0,solo1,annotator1,0
rufaa11dfc4b,0,0,0,0,0,0,solo1,annotator1,0
ruddf6a1fe83,0,0,0,0,0,0,solo1,annotator1,0
ru4798a36142,1,0,0,0,0,0,solo1,annotator1,0
ruc8a724bd8b,0,0,0,0,0,0,solo1,annotator1,0
ru93be057c00,0,0,0,0,0,0,solo1,annotator1,0
ru365a531687,0,0,0,0,0,1,solo1,annotator1,0
ru56ac087322,0,0,0,0,0,0,solo1,annotator1,0
ru131fdcb322,0,0,0,0,0,0,solo1,annotator1,0
rud683f0f677,0,0,0,0,0,0,solo1,annotator1,0
ru8e5b33f979,0,0,0,0,1,0,solo1,annotator1,0
ru68f174919f,0,0,0,0,0,0,solo1,annotator1,0
ru00b88d75f9,0,0,0,0,1,0,solo1,annotator1,0
rue6d6076e53,0,0,0,0,0,0,solo1,annotator1,0
ru039033b9bb,1,0,1,0,0,0,solo1,annotator1,0
ru640949d8d3,0,0,0,0,0,0,solo1,annotator1,0
ru2918ea3b7c,0,0,1,0,0,0,solo1,annotator1,0
rua566b4ded5,0,0,0,0,0,0,solo1,annotator1,0
ruc64caf0ccd,0,0,0,0,0,0,solo1,annotator1,0
ru1cf8329915,0,0,0,0,0,0,solo1,annotator1,0
ru2502855f71,0,0,0,0,0,0,solo1,annotator1,0
ru33851cc1be,0,0,0,1,0,0,solo1,annotator1,1
rud546828ff1,1,0,1,0,0,0,solo1,annotator1,0
ruadd25344fd,1,0,0,0,0,0,solo1,annotator1,0
rued529cfdd7,0,0,0,0,0,0,solo1,annotator1,0
ru6bc811364b,0,0,0,0,0,0,solo1,annotator1,0
rue9a6ff8229,0,0,0,0,0,0,solo1,annotator1,0
ru0f05582266,0,0,0,0,0,0,solo1,annotator1,0
rudd5bbb4c1b,0,0,0,0,0,0,solo1,annotator1,0
ru12e6b143e4,0,0,0,0,0,0,solo1,annotator1,0
ru89cd1dc8df,0,0,0,0,0,0,solo1,annotator1,0
ru5b9af92d62,0,0,0,0,0,0,solo1,annotator1,0
ruddab88ce71,0,0,0,0,0,0,solo1,annotator1,0
ruaa42bd0b73,0,0,0,0,0,0,solo1,annotator1,0
ruf70281ef25,0,0,1,0,0,0,solo1,annotator1,0
ru0957e5094d,0,0,0,0,0,0,solo1,annotator1,0
ru4155526a68,0,0,0,0,0,0,solo1,annotator1,0
ru47072514ed,0,0,0,0,1,0,solo1,annotator1,0
ru15d8c8d9cb,0,0,0,0,0,0,solo1,annotator1,0
rua0a9019798,0,0,0,0,0,0,solo1,annotator1,0
ru860636bd97,0,0,0,0,0,0,solo1,annotator1,0
ru3257757bc3,0,0,1,0,0,0,solo1,annotator1,0
rudc55fad48d,0,0,0,0,0,0,solo1,annotator1,0
ru9cfbe49e2a,0,0,1,0,1,0,solo1,annotator1,0
rua846859191,0,0,0,0,0,0,solo1,annotator1,0
rubb144d29e8,0,0,0,0,0,0,solo1,annotator1,0
rue20527fe8a,0,0,0,0,0,0,solo1,annotator1,0
rucdb4736b27,1,0,0,0,0,0,solo1,annotator1,0
ru97883c33c2,0,0,0,0,0,0,solo1,annotator1,0
ru5cde922fae,0,0,0,0,0,0,solo1,annotator1,0
ruf58f37d111,0,0,0,0,0,0,solo1,annotator1,0
ru43dc4e42f1,0,0,1,0,0,0,solo1,annotator1,0
ru5e0a355970,0,0,0,0,0,0,solo1,annotator1,0
rubdcbc6e056,0,0,0,0,0,0,solo1,annotator1,0
ruc1a91aaa93,0,0,0,0,1,0,solo1,annotator1,0
ruaade988e4b,0,0,0,0,0,0,solo1,annotator1,0
ruc1a6c76a41,0,0,0,0,0,0,solo1,annotator1,0
rucb184feef7,0,0,0,0,0,0,solo1,annotator1,0
ruf6f101ef8e,1,0,1,0,0,0,solo1,annotator1,0
ru494bb6b566,0,0,0,0,0,0,solo1,annotator1,0
ru55b2fcf0e3,0,0,0,0,0,0,solo1,annotator1,0
rua16a73f3e6,0,0,0,0,0,0,solo1,annotator1,0
ru61fdd2edba,0,0,0,0,0,0,solo1,annotator1,0
ruf99969ab50,0,0,0,0,0,0,solo1,annotator1,0
rua28e4046fe,0,0,0,0,0,0,solo1,annotator1,0
ruffb2f56d2a,1,0,0,0,0,0,solo1,annotator1,0
ru949a5bb396,0,0,0,0,0,0,solo1,annotator1,0
rud166aa5478,0,0,0,0,0,0,solo1,annotator1,0
ru028bdc964b,0,0,0,0,0,0,solo1,annotator1,0
ruada6303aa8,0,0,0,0,0,0,solo1,annotator1,0
ru9cc532528a,0,0,0,0,0,0,solo1,annotator1,0
ru45ca142b3a,0,0,0,0,0,0,solo1,annotator1,0
ru43c6db4e52,0,0,0,0,0,0,solo1,annotator1,0
ruc139eb015c,0,0,0,0,0,0,solo1,annotator1,0
ru42ceb9ca8d,0,0,0,0,0,0,solo1,annotator1,0
ru6e1318d8a7,0,0,0,0,0,0,solo1,annotator1,0
ru58fb5c68aa,0,0,0,0,0,0,solo1,annotator1,0
ru4360567275,0,0,0,0,0,0,solo1,annotator1,0
ru8b07393009,0,0,0,0,0,0,solo1,annotator1,0
ru7699c7bd7f,1,0,0,0,1,0,solo1,annotator1,0
ru453d4ee2d4,0,0,0,0,0,0,solo1,annotator1,0
ru5cbc5d607e,0,0,0,0,0,0,solo1,annotator1,0
ru35d3bb15de,0,0,0,0,0,0,solo1,annotator1,0
rue373c4bf8f,0,0,0,0,0,0,solo1,annotator1,0
ru9d9464bd14,0,0,0,0,0,0,solo1,annotator1,0
rud287b28c66,0,0,0,0,0,0,solo1,annotator1,0
ru303f4fbef0,0,0,0,0,0,0,solo1,annotator1,0
ru8196c0ab8a,0,0,0,0,0,0,solo1,annotator1,0
rudf28d1b26f,0,0,0,0,0,0,solo1,annotator1,0
rud1dc723591,0,0,0,0,0,0,solo1,annotator1,0
ru53cd86fa5a,0,0,0,0,0,0,solo1,annotator1,0
ruc8603d7a8e,0,0,0,0,0,0,solo1,annotator1,0
ru0e39e2ccc6,1,0,0,0,0,0,solo1,annotator1,0
ru5ed5f7e633,0,0,0,0,0,0,solo1,annotator1,0
ru47650f1978,0,0,0,0,0,0,solo1,annotator1,0
ru25612e3c1d,0,0,0,0,0,0,solo1,annotator1,0
ru9d951c1c5a,0,0,0,0,0,0,solo1,annotator1,0
rue11a318ba3,0,0,0,0,0,0,solo1,annotator1,0
ru7d6e601f93,0,0,0,0,0,0,solo1,annotator1,0
ru2e35fc4671,1,0,0,0,0,0,solo1,annotator1,0
ru39b0e97280,1,0,0,0,0,0,solo1,annotator1,0
rua77c724ce3,0,0,0,0,1,0,solo1,annotator1,0
ru356ec7f381,0,0,1,0,0,0,solo1,annotator1,0
ru7c117808b9,0,0,0,0,0,0,solo1,annotator1,0
ru101ed47aea,0,0,0,0,0,0,solo1,annotator1,0
ru6c2919e4b4,0,0,0,0,0,0,solo1,annotator1,0
ru26d80763b8,0,0,0,0,0,0,solo1,annotator1,0
rua68d62f9e4,0,0,0,0,0,0,solo1,annotator1,0
rud3762344ae,0,0,0,0,0,0,solo1,annotator1,0
rua43a47ba85,0,0,0,0,0,0,solo1,annotator1,0
ru89a81fcd1d,0,0,0,0,0,0,solo1,annotator1,0
rua4ef8faf66,0,0,0,0,1,0,solo1,annotator1,0
rudc4023825b,0,0,0,0,0,0,solo1,annotator1,0
ru7a4b33e2d8,0,0,0,0,0,0,solo1,annotator1,0
rua4b688c882,0,0,0,0,0,0,solo1,annotator1,0
ru79948852ed,0,0,0,0,0,0,solo1,annotator1,0
ru1a8acb6a55,1,0,0,0,0,0,solo1,annotator1,0
ruaaeb646032,0,0,0,0,0,0,solo1,annotator1,0
ru84a9c64499,0,0,0,0,0,0,solo1,annotator1,0
rua351a4c7e8,0,0,0,0,0,0,solo1,annotator1,0
ru5e5e07cd9d,1,0,0,0,0,0,solo1,annotator1,0
ru8ace8032da,0,0,0,0,0,0,solo1,annotator1,0
rub586c28fb9,0,0,0,0,0,0,solo1,annotator1,0
ru78b20f3971,0,0,0,0,0,0,solo1,annotator1,0
ru55bcd41a15,0,0,0,0,0,0,solo1,annotator1,0
rua4df314b01,0,0,0,0,0,0,solo1,annotator1,0
rue5f655056f,0,0,0,0,0,0,solo1,annotator1,0
ruf10c261906,0,0,0,0,0,0,solo1,annotator1,0
ruc60ecf7301,0,0,0,0,1,0,solo1,annotator1,0
rua3fd422aa6,0,0,0,0,0,0,solo1,annotator1,0
ru1d1737dd97,0,0,0,0,0,0,solo1,annotator1,0
ru462dcc5aa8,0,0,0,0,0,0,solo1,annotator1,0
ruf52e54df5c,0,0,1,0,0,0,solo1,annotator1,0
ru3728fd8527,0,0,0,0,1,0,solo1,annotator1,0
ruf0ab5e626a,0,0,0,0,0,0,solo1,annotator1,0
ru81b4726d1c,0,0,0,0,0,0,solo1,annotator1,0
rube74efec3b,0,0,0,0,0,0,solo1,annotator1,0
rufe04a31cd1,0,0,0,0,0,0,solo1,annotator1,0
ru391392d30b,0,0,0,0,0,0,solo1,annotator1,0
ruef1ab2c4db,0,0,0,0,0,0,solo1,annotator1,0
ru6e3265de4d,0,0,0,0,0,0,solo1,annotator1,0
ruc289f610b7,0,0,0,0,0,0,solo1,annotator1,0
ru65e4e6bc18,0,0,0,0,0,0,solo1,annotator1,0
ru12fada3068,0,0,0,0,0,0,solo1,annotator1,0
ru1d30669599,0,0,0,0,0,0,solo1,annotator1,0
ru6ce6abc77c,0,0,0,0,0,0,solo1,annotator1,0
rua491c34468,0,0,0,0,0,0,solo1,annotator1,0
ru0ad80e1d16,0,0,0,0,0,0,solo1,annotator1,0
ruabbb0ee2f4,0,0,0,0,0,0,solo1,annotator1,0
ru81a830efce,0,0,0,0,0,0,solo1,annotator1,0
ru5ac139c49f,0,0,0,0,0,0,solo1,annotator1,0
ru6c78fac2a2,0,0,0,0,0,0,solo1,annotator1,0
ru64b57d341f,0,0,0,0,0,0,solo1,annotator1,0
ru1496e7c963,0,0,0,0,0,0,solo1,annotator1,0
ru2424490de1,0,0,0,0,0,0,solo1,annotator1,0
rue9ca9ece9c,0,0,0,0,0,0,solo1,annotator1,0
ru40d629545f,0,0,0,0,0,0,solo1,annotator1,0
ru798f205d61,0,0,0,0,0,0,solo1,annotator1,0
rue6ac88c997,0,0,0,0,0,0,solo1,annotator1,0
ru85aab84c48,1,0,0,0,0,0,solo1,annotator1,0
ru3daee4fbfb,1,0,0,0,0,0,solo1,annotator1,0
ru90ba8bd8c8,0,0,0,0,0,0,solo1,annotator1,0
rud3016951b0,0,0,0,0,0,0,solo1,annotator1,0
ru9e6640aba8,0,0,0,0,0,0,solo1,annotator1,0
rue5b620e59d,0,0,0,0,0,0,solo1,annotator1,0
ru56399964b2,0,0,0,0,1,0,solo1,annotator1,0
ru2585a9f069,0,0,0,0,0,0,solo1,annotator1,0
ru2bfd632dec,1,1,0,0,0,0,solo1,annotator1,1
ru3ab39b8181,0,0,0,0,0,0,solo1,annotator1,0
ru8b6e0f0fdd,0,0,1,0,0,0,solo1,annotator1,0
ru3d3467f607,0,0,0,0,0,0,solo1,annotator1,0
ru5096b80438,0,0,0,0,0,0,solo1,annotator1,0
ru3001ada3ab,0,0,0,0,0,0,solo1,annotator1,0
ruc516558fbc,0,0,0,0,0,0,solo1,annotator1,0
ru60e4b407c3,0,0,0,0,0,0,solo1,annotator1,0
ru924c02789b,0,0,0,0,0,0,solo1,annotator1,0
ru6c21c8ad06,0,0,0,0,0,0,solo1,annotator1,0
ruf0ce761094,0,0,0,0,0,0,solo1,annotator1,0
ru48161dde5e,0,0,0,0,0,0,solo1,annotator1,0
ru30297ae5d9,0,0,0,0,0,0,solo1,annotator1,0
ru17ea17524e,0,0,0,0,0,0,solo1,annotator1,0
ru19af7ef230,0,0,0,0,0,0,solo1,annotator1,0
rudfe8f7b8ba,0,0,0,0,0,0,solo1,annotator1,0
ru19a1417541,0,0,0,0,0,0,solo1,annotator1,0
rue26c17bff0,0,0,0,0,0,0,solo1,annotator1,0
ru39f51365fd,0,0,0,0,0,0,solo1,annotator1,0
rudd68d20f24,1,0,0,0,0,0,solo1,annotator1,0
ru0e1096be4c,0,0,0,0,0,0,solo1,annotator1,0
ru908b6715d8,0,0,0,0,0,0,solo1,annotator1,0
ru15c9e756b5,0,0,0,0,0,0,solo1,annotator1,0
ru28e74f02f6,0,0,0,0,0,0,solo1,annotator1,0
ru93e2740de2,0,0,0,0,0,0,solo1,annotator1,0
ru9d0cdcae9a,1,0,0,0,0,0,solo1,annotator1,0
ru9c4b99f5a1,0,0,0,0,0,0,solo1,annotator1,0
ru05ba05d11e,0,0,0,0,0,0,solo2,annotator2,0
ru1061c91eb0,0,0,0,0,0,0,solo2,annotator2,0
rufaa569fedf,0,0,0,0,0,0,solo2,annotator2,0
ruf80a5a67f3,1,0,0,0,0,0,solo2,annotator2,0
ru31c938a0e1,0,1,0,0,0,0,solo2,annotator2,1
ru27ba6ac225,0,0,0,0,0,0,solo2,annotator2,0
rub334213ccb,0,0,0,0,0,1,solo2,annotator2,0
ru322d0f95d3,0,0,0,0,0,0,solo2,annotator2,0
ru97a4ee6c50,0,0,0,0,0,0,solo2,annotator2,0
ru52d11410c4,0,0,0,0,0,0,solo2,annotator2,0
ru8da3ae3ed7,0,0,0,0,0,0,solo2,annotator2,0
ru576aad95b9,0,0,0,0,0,0,solo2,annotator2,0
ru146193a0cb,0,0,0,0,0,0,solo2,annotator2,0
ruf71e4d59eb,0,0,0,0,0,0,solo2,annotator2,0
ru2a08f3ecd1,0,0,0,0,0,0,solo2,annotator2,0
ru6a15f29014,0,0,0,0,0,0,solo2,annotator2,0
ru23a8fd9e40,0,0,0,0,0,0,solo2,annotator2,0
ru5d3ebc791c,1,0,0,0,0,0,solo2,annotator2,0
ru260cfc0ca7,0,0,0,0,0,0,solo2,annotator2,0
ru8253db5484,0,0,0,0,0,0,solo2,annotator2,0
ru40d34f6ec5,0,0,0,0,0,0,solo2,annotator2,0
ru99ee93acc6,1,0,0,0,0,0,solo2,annotator2,0
ru53a2c85b34,0,0,0,0,0,0,solo2,annotator2,0
ru1e89ab049e,0,0,0,0,0,0,solo2,annotator2,0
rubb49d41364,0,0,0,0,0,0,solo2,annotator2,0
ru8d20d62504,0,0,0,0,0,0,solo2,annotator2,0
ru6aaa4edd67,0,0,0,0,0,0,solo2,annotator2,0
ru612392b2f2,0,0,0,0,0,0,solo2,annotator2,0
rufbabd275c8,0,0,0,0,0,0,solo2,annotator2,0
ru35d7f3d9ac,0,0,0,0,0,0,solo2,annotator2,0
ruf90405663a,0,0,0,0,0,0,solo2,annotator2,0
ru3596820c0c,1,0,0,0,0,0,solo2,annotator2,0
rub9c3c0d5d9,0,0,0,0,0,0,solo2,annotator2,0
rufafedb634c,0,0,0,0,0,0,solo2,annotator2,0
ruf6a865e684,0,0,0,0,0,0,solo2,annotator2,0
rud8c9ec4371,0,0,0,0,0,0,solo2,annotator2,0
ru22d49454ef,1,0,0,0,0,0,solo2,annotator2,0
ru4378327d70,0,0,0,0,0,0,solo2,annotator2,0
rua4f6ddb527,0,0,0,0,0,0,solo2,annotator2,0
ru9e7ce6c1f0,0,0,0,0,0,0,solo2,annotator2,0
ru0006107e37,0,0,0,0,0,0,solo2,annotator2,0
ru3823a9381f,0,0,0,0,0,0,solo2,annotator2,0
ru8ab4978683,0,0,0,0,0,0,solo2,annotator2,0
ru7befa5fdaf,0,0,0,0,0,0,solo2,annotator2,0
rua429deb2a7,0,0,0,0,0,0,solo2,annotator2,0
rue646665636,1,0,0,0,0,0,solo2,annotator2,0
ru69f4c256c9,0,0,0,0,0,0,solo2,annotator2,0
ru86c035a571,0,0,0,0,0,0,solo2,annotator2,0
ru07087aa523,0,0,0,0,0,0,solo2,annotator2,0
ru88bdd08382,1,0,1,0,1,1,solo2,annotator2,0
rua0a81168ee,0,0,0,0,0,0,solo2,annotator2,0
rud3ebd73a4e,0,0,0,0,0,0,solo2,annotator2,0
ru9deeac3881,0,0,0,0,0,0,solo2,annotator2,0
ru2bf3af5604,0,0,0,0,0,0,solo2,annotator2,0
ru4e00aadda9,0,0,0,0,0,0,solo2,annotator2,0
ru609eb0cd90,0,0,0,0,0,0,solo2,annotator2,0
rue016241aaa,0,0,0,0,0,0,solo2,annotator2,0
ru1199b91cce,0,0,0,0,0,0,solo2,annotator2,0
rud44efabd9b,0,0,0,0,0,0,solo2,annotator2,0
ruc83e187742,0,0,0,0,0,0,solo2,annotator2,0
ruf54ede98d5,0,0,0,0,0,0,solo2,annotator2,0
ru8042fec610,0,0,0,0,0,0,solo2,annotator2,0
ru3162a6f90b,0,0,0,0,0,0,solo2,annotator2,0
rue7563509f6,0,0,0,0,0,0,solo2,annotator2,0
ru66ed542c10,0,0,0,0,0,0,solo2,annotator2,0
ruf9bd9f7645,1,0,0,0,0,0,solo2,annotator2,0
ru0a9acee506,0,0,0,0,0,0,solo2,annotator2,0
ru2b2f394a42,1,0,0,0,1,0,solo2,annotator2,0
ru5f15705d2f,0,0,0,0,0,0,solo2,annotator2,0
ru4c1fd22921,1,0,0,0,0,0,solo2,annotator2,0
ru267cc6e963,0,0,0,0,0,0,solo2,annotator2,0
ru067c3b80fb,0,0,0,0,0,0,solo2,annotator2,0
ru1293da3554,0,0,0,0,0,0,solo2,annotator2,0
ruc094ccf91e,0,0,1,0,0,0,solo2,annotator2,0
ru1644100694,0,0,0,0,0,0,solo2,annotator2,0
rubbaa699e3d,0,0,0,1,0,0,solo2,annotator2,1
rua513fac570,0,0,0,0,0,0,solo2,annotator2,0
ru44b802edfc,0,0,0,0,0,0,solo2,annotator2,0
rua5938c196b,0,0,0,0,0,0,solo2,annotator2,0
ru49d68e05cc,0,0,0,0,0,0,solo2,annotator2,0
ru0827e81232,1,0,0,0,0,0,solo2,annotator2,0
ru1f20d123d1,0,0,0,0,0,0,solo2,annotator2,0
ru893ab0c69e,0,0,0,0,0,0,solo2,annotator2,0
ru3b08a38ebb,0,0,0,0,0,0,solo2,annotator2,0
ru2a40bebd17,0,0,0,0,0,0,solo2,annotator2,0
rub250c38d6d,0,0,0,0,0,0,solo2,annotator2,0
ru9a5e40908d,1,0,0,0,0,0,solo2,annotator2,0
ruc03037a681,0,0,0,0,0,1,solo2,annotator2,0
rue40b148a11,0,0,0,0,0,0,solo2,annotator2,0
ru4adc4481f1,0,0,0,0,0,0,solo2,annotator2,0
ru1826497176,0,0,0,0,0,0,solo2,annotator2,0
rue338a55d5a,0,0,0,0,0,0,solo2,annotator2,0
rue8b0114ec0,1,0,0,0,0,0,solo2,annotator2,0
ruf7988438ec,0,0,0,0,0,0,solo2,annotator2,0
ru1e50dce342,0,0,1,0,0,0,solo2,annotator2,0
rud2b4a49696,0,0,0,0,0,0,solo2,annotator2,0
ru829221beb0,0,0,0,0,0,0,solo2,annotator2,0
rubd62a7ce7c,0,0,0,0,0,0,solo2,annotator2,0
rua905c53f24,1,0,0,0,0,0,solo2,annotator2,0
rubdfb033ac9,0,0,0,0,0,0,solo2,annotator2,0
ru80c1b9eb8d,0,0,0,0,0,0,solo2,annotator2,0
ru1bb09d02b8,0,0,0,0,0,0,solo2,annotator2,0
rucff6efb3c1,0,0,0,0,0,0,solo2,annotator2,0
rudc35888a69,0,0,0,0,0,0,solo2,annotator2,0
ru25698d7841,0,0,0,0,0,0,solo2,annotator2,0
ru67d35ffef2,0,0,0,0,0,0,solo2,annotator2,0
ruf51d53a770,0,0,0,0,0,0,solo2,annotator2,0
rud82de5f585,0,0,0,0,0,0,solo2,annotator2,0
rube17e367f0,0,0,0,0,0,0,solo2,annotator2,0
ruefb26785fd,0,0,0,0,0,0,solo2,annotator2,0
ru492009a2ab,0,0,0,0,0,0,solo2,annotator2,0
ru0717947803,0,0,0,0,0,0,solo2,annotator2,0
ru62dcd0c60e,0,0,0,0,0,0,solo2,annotator2,0
ruad5b462d85,0,0,0,0,0,0,solo2,annotator2,0
rub7be153df8,0,0,0,0,0,0,solo2,annotator2,0
rub3f3caa36f,0,0,0,0,0,0,solo2,annotator2,0
rucd471fdaa4,0,0,0,0,0,0,solo2,annotator2,0
ru4f5d1859ca,0,0,0,0,0,0,solo2,annotator2,0
rubd1e7dc903,0,0,0,0,0,0,solo2,annotator2,0
ru43779d25ba,0,0,0,0,0,0,solo2,annotator2,0
ru06ffb8f3f9,0,0,0,0,0,0,solo2,annotator2,0
ruf237915827,0,0,0,0,0,0,solo2,annotator2,0
ruf12f54db56,0,0,0,0,1,0,solo2,annotator2,0
rud7fbcb9a4f,1,0,1,0,0,0,solo2,annotator2,0
ru074bc7594d,0,0,0,0,0,0,solo2,annotator2,0
rucd39359732,0,0,0,0,0,0,solo2,annotator2,0
ru87acd806bc,0,0,1,0,0,0,solo2,annotator2,0
rud68590fc02,0,0,0,0,0,0,solo2,annotator2,0
rua91734c76e,0,0,0,0,0,0,solo2,annotator2,0
ruf3c04542d9,0,0,0,0,0,0,solo2,annotator2,0
ru3f9fb84d10,0,0,0,0,0,0,solo2,annotator2,0
ru97589017df,0,0,1,0,0,0,solo2,annotator2,0
rucfe2475b7d,0,0,0,0,0,0,solo2,annotator2,0
ru532d59351c,0,0,0,0,0,0,solo2,annotator2,0
rua86268899e,0,0,0,0,0,0,solo2,annotator2,0
ru33ab1a9bb7,0,0,0,0,0,0,solo2,annotator2,0
ruf20f353d6f,0,0,0,0,0,0,solo2,annotator2,0
ru167bfc08ac,0,0,0,0,0,0,solo2,annotator2,0
ru8965fa48c7,0,0,0,0,0,0,solo2,annotator2,0
ruc4eda084f2,0,0,0,0,0,0,solo2,annotator2,0
rufdaf594688,0,0,1,0,0,0,solo2,annotator2,0
rue7dca8af28,0,0,0,0,0,0,solo2,annotator2,0
ruc35986e5d2,1,0,1,0,1,0,solo2,annotator2,0
ru383982530b,0,0,0,0,0,0,solo2,annotator2,0
ru4c8276eb95,0,0,0,0,0,0,solo2,annotator2,0
ru429cf01640,0,0,0,0,0,0,solo2,annotator2,0
ru709f1f0031,0,0,0,0,0,0,solo2,annotator2,0
ru3d551668ab,0,0,0,0,0,0,solo2,annotator2,0
ru58c3e2bca6,0,0,0,0,0,0,solo2,annotator2,0
ru56eafabdfa,0,0,0,0,0,0,solo2,annotator2,0
ru135d9629da,0,0,0,0,0,0,solo2,annotator2,0
ruf69d3d93f1,1,0,0,0,0,0,solo2,annotator2,0
ru8d18cc6545,0,0,0,0,0,0,solo2,annotator2,0
ru4a676fc220,0,0,1,0,0,0,solo2,annotator2,0
ru4b164fb74f,0,0,0,0,0,0,solo2,annotator2,0
ru06e8d5e7e0,0,0,0,0,0,0,solo2,annotator2,0
rue89d74d7e8,0,0,0,0,0,0,solo2,annotator2,0
ru99dc3ff9da,0,0,0,0,0,0,solo2,annotator2,0
ru8b9c109d18,0,0,0,0,0,0,solo2,annotator2,0
ru24a27ee924,0,0,0,0,0,0,solo2,annotator2,0
ru324e834ef0,0,0,0,0,0,0,solo2,annotator2,0
ruc6a83951fe,0,0,0,0,0,0,solo2,annotator2,0
ru426a814e27,0,0,0,0,0,0,solo2,annotator2,0
rueb7e95f189,0,0,0,0,0,0,solo2,annotator2,0
rudb3685e8d9,0,1,0,0,0,0,solo2,annotator2,1
ruc356208537,0,0,0,0,0,0,solo2,annotator2,0
rub0ca7d44d4,0,0,0,0,0,0,solo2,annotator2,0
ru6d3797fb6e,0,0,0,0,0,0,solo2,annotator2,0
ru43dc6e9d4d,0,0,0,0,0,0,solo2,annotator2,0
ruecf0fd4b66,0,0,0,0,0,0,solo2,annotator2,0
ru3ba9c34367,0,0,0,0,0,0,solo2,annotator2,0
ru3829d3b1c0,0,0,0,0,0,0,solo2,annotator2,0
ruc642551085,1,0,1,0,0,0,solo2,annotator2,0
ru64b59638c9,0,1,0,0,0,0,solo2,annotator2,1
ru51d8f25aac,0,0,0,0,0,0,solo2,annotator2,0
rufdcc24a335,0,0,0,0,0,0,solo2,annotator2,0
ruf8bc45481b,0,0,0,0,0,0,solo2,annotator2,0
ru43d53c197e,0,0,0,0,0,0,solo2,annotator2,0
ruc5ae98bd8c,0,0,0,0,0,0,solo2,annotator2,0
ru9a7de11b33,0,0,0,0,0,0,solo2,annotator2,0
rue3944f4e0c,0,0,0,0,0,0,solo2,annotator2,0
ru62fed438df,0,0,0,0,0,0,solo2,annotator2,0
ru525fcc24fa,0,0,0,0,0,0,solo2,annotator2,0
rue4e9ce6c7a,0,0,0,0,0,0,solo2,annotator2,0
ru6bcfe58c29,0,0,0,0,0,0,solo2,annotator2,0
ru2a2f84d490,0,0,0,0,0,0,solo2,annotator2,0
rub6b37d14c9,0,0,0,0,0,0,solo2,annotator2,0
rub79f44126c,0,0,0,0,0,0,solo2,annotator2,0
ru74ea25c7aa,0,0,0,0,0,0,solo2,annotator2,0
ru6443081efc,0,0,0,0,0,0,solo2,annotator2,0
ru4be3ebe7b1,0,0,0,0,0,0,solo2,annotator2,0
ru45f482a680,0,0,0,0,0,0,solo2,annotator2,0
ru184824afd9,0,0,0,0,0,0,solo2,annotator2,0
ru42ec0cb2c0,0,0,0,0,0,0,solo2,annotator2,0
ru10a35b3d62,1,0,0,0,0,0,solo2,annotator2,0
rue40014ca1c,0,0,0,0,0,0,solo2,annotator2,0
ruad581d382d,1,0,0,0,0,0,solo2,annotator2,0
rubc28376ba3,0,0,0,0,0,0,solo2,annotator2,0
ru8e3c69dc64,0,0,0,0,0,0,solo2,annotator2,0
rue900ba0725,0,0,0,0,0,0,solo2,annotator2,0
ruaf93ebf4e8,0,0,0,0,0,0,solo2,annotator2,0
ru6092161719,0,0,0,0,0,0,solo2,annotator2,0
rub0ce080a1f,0,0,0,0,0,0,solo2,annotator2,0
rua7825c7c7b,0,0,0,0,0,0,solo2,annotator2,0
ru8c8a841fd0,0,0,0,0,0,0,solo2,annotator2,0
rufeac94a908,1,0,0,0,0,0,solo2,annotator2,0
ru0bd0bdd85b,0,0,0,0,0,0,solo2,annotator2,0
ru16bb27bd64,0,0,0,0,0,0,solo2,annotator2,0
rua2ad760777,1,0,0,0,0,0,solo2,annotator2,0
ru9b81897d06,0,0,0,0,0,0,solo2,annotator2,0
ru3b47f5cddc,0,0,0,0,0,0,solo2,annotator2,0
ru7c761f79e3,0,0,0,0,0,0,solo2,annotator2,0
ru45163fb642,0,0,0,0,0,0,solo2,annotator2,0
ru3ef0803695,1,0,0,0,0,0,solo2,annotator2,0
ru2393ca0b1a,0,0,0,0,0,0,solo2,annotator2,0
ru9b4cec72e4,0,0,0,0,0,0,solo2,annotator2,0
rucdba778df3,1,0,1,0,0,0,solo2,annotator2,0
rufb623156b1,1,0,0,0,0,0,solo2,annotator2,0
ru6a0fffce08,0,0,0,0,0,0,solo2,annotator2,0
rub9b27917f6,0,0,0,0,0,0,solo2,annotator2,0
ru66a6f2e2ab,0,0,0,0,0,0,solo2,annotator2,0
ru475d03840e,0,0,0,0,0,0,solo2,annotator2,0
rub182566945,0,0,0,0,0,0,solo2,annotator2,0
ruc1443d8ecc,0,0,0,0,0,0,solo2,annotator2,0
ru254a2db3a1,0,0,0,0,0,0,solo2,annotator2,0
ru90f7888e7d,0,0,0,0,0,0,solo2,annotator2,0
ruab05e95e8c,0,0,0,0,0,0,solo2,annotator2,0
ru2b2623b5cc,0,0,0,0,0,0,solo2,annotator2,0
rua84def13c3,0,0,0,0,0,0,solo2,annotator2,0
ru1d882f1513,0,0,0,0,0,0,solo2,annotator2,0
rua537d2db43,0,0,0,0,0,0,solo2,annotator2,0
ru6dd5c9b65f,0,0,0,1,0,0,solo2,annotator2,1
ruc37303d6ef,0,0,0,0,0,0,solo2,annotator2,0
ru981d04a0c9,0,0,0,0,0,0,solo2,annotator2,0
ru63d8551c62,0,0,0,0,0,0,solo2,annotator2,0
rub83ebfcf30,0,0,0,0,0,0,solo2,annotator2,0
ru1e71194256,0,0,0,0,0,0,solo2,annotator2,0
ru7ff0f6362f,0,0,0,0,0,0,solo2,annotator2,0
ruf6371a5a96,0,0,0,0,0,0,solo2,annotator2,0
ru2121068f0f,0,0,0,0,0,0,solo2,annotator2,0
ru88f882ad08,0,0,0,0,0,0,solo2,annotator2,0
rud7147b4a0e,0,0,1,0,0,0,solo2,annotator2,0
ru2adf09f04b,0,0,0,0,0,0,solo2,annotator2,0
ru70d4ad1bb2,0,0,0,0,0,0,solo2,annotator2,0
rue374c39afa,0,0,0,0,0,0,solo2,annotator2,0
rub59975f330,1,0,0,0,0,0,solo2,annotator2,0
ru3d3a6c280b,1,0,0,0,0,0,solo2,annotator2,0
ru7ad1eee42b,1,0,0,0,0,0,solo2,annotator2,0
rudde49dc32c,1,0,0,0,0,0,solo2,annotator2,0
ru8f12e9ea79,0,0,0,0,0,0,solo2,annotator2,0
ru0a314f671f,0,0,0,0,0,0,solo2,annotator2,0
ru6fc7a28938,1,0,1,0,0,0,solo2,annotator2,0
ruf0ccbd6e7f,0,0,0,0,1,0,solo2,annotator2,0
rua88253e303,0,0,0,0,0,0,solo2,annotator2,0
ru25535af8ac,0,0,0,0,0,0,solo2,annotator2,0
ru46dc342f71,0,0,0,0,0,0,solo2,annotator2,0
rua55dc8cb15,0,0,0,0,0,0,solo2,annotator2,0
ruc19e0b2aaa,0,0,0,0,0,0,solo2,annotator2,0
ru31ba4e1208,0,1,0,0,0,0,solo2,annotator2,1
ru3db3408be3,0,0,0,0,0,0,solo2,annotator2,0
ru32edc335a6,0,0,0,0,0,0,solo2,annotator2,0
rua9ed07b282,1,0,0,0,0,0,solo2,annotator2,0
ru83bbe7d482,0,0,0,0,0,0,solo2,annotator2,0
ru598d58be5c,0,0,0,0,0,0,solo2,annotator2,0
ru73c13439e3,0,0,0,0,0,0,solo2,annotator2,0
ruf890f324a5,0,0,0,0,1,0,solo2,annotator2,0
ru76c3650c35,0,0,0,0,0,0,solo2,annotator2,0
ruf74560453d,0,0,1,0,0,0,solo2,annotator2,0
ru60832f7403,1,0,1,0,0,0,solo2,annotator2,0
rud1d3c46b7d,0,0,0,0,0,0,solo2,annotator2,0
ru305f74831d,0,0,0,0,0,0,solo2,annotator2,0
rua57bf80331,1,0,0,0,0,0,solo2,annotator2,0
ru8906b08128,0,0,0,0,0,0,solo2,annotator2,0
ru93ba4de118,0,0,0,0,0,0,solo2,annotator2,0
ru848cafd89c,0,0,0,0,0,0,solo2,annotator2,0
rub9a2c7e89d,0,0,0,0,0,0,solo2,annotator2,0
ru882a964867,0,0,0,0,0,0,solo2,annotator2,0
ruf06118d89e,0,0,0,0,0,0,solo2,annotator2,0
rud392fc31f4,0,0,0,0,0,0,solo2,annotator2,0
rua523befa81,0,0,0,0,0,0,solo2,annotator2,0
ru28fb2a2f8e,0,0,0,0,0,0,solo2,annotator2,0
ru2aa2170769,0,0,0,0,0,0,solo2,annotator2,0
ru8e8a9952d5,0,0,0,0,1,1,solo2,annotator2,0
ru6398a8e06c,0,0,0,0,0,0,solo2,annotator2,0
ruf5db7ed2c6,0,0,0,0,0,0,solo2,annotator2,0
ru3b06a9af41,0,0,0,0,0,0,solo2,annotator2,0
rubf2211f82a,0,0,0,0,0,0,solo2,annotator2,0
ru15e0fc93f6,0,0,0,0,0,0,solo2,annotator2,0
ruda3a6ea9f6,0,0,1,0,0,0,solo2,annotator2,0
ru78feb9766a,1,0,0,0,0,0,solo2,annotator2,0
ruf0374fb0bc,1,0,0,0,0,0,solo2,annotator2,0
rue595009ef8,0,0,0,0,0,0,solo2,annotator2,0
rud6ba92488d,0,0,0,0,0,0,solo2,annotator2,0
ru7bfb2d6ec9,0,0,1,0,0,0,solo2,annotator2,0
ru0d4ed66bba,0,0,0,0,0,0,solo2,annotator2,0
ru52ecaa464c,0,0,0,0,0,0,solo2,annotator2,0
rud36c3616d2,0,0,0,0,0,0,solo2,annotator2,0
rue310a07258,0,0,0,0,0,0,solo2,annotator2,0
ru2a5a3a471e,0,0,0,0,0,0,solo2,annotator2,0
ru05db7eb99a,0,0,0,0,0,0,solo2,annotator2,0
rub5b1538160,0,0,1,0,0,0,solo2,annotator2,0
ru7ac1fc55e0,0,0,0,0,0,0,solo2,annotator2,0
ru3d979884a3,1,0,1,0,0,0,solo2,annotator2,0
ru2c0cfd22c6,0,0,0,0,0,0,solo2,annotator2,0
ru292f3f566d,0,0,0,0,0,0,solo2,annotator2,0
ru5975b316f1,0,0,0,0,0,0,solo2,annotator2,0
ruf070b60be7,0,0,0,0,0,0,solo2,annotator2,0
ru291c05a703,0,0,0,0,0,0,solo2,annotator2,0
ru4e2b208189,0,0,0,0,0,0,solo2,annotator2,0
ruf3fb830866,1,0,1,0,1,0,solo2,annotator2,0
ru129a3b76eb,0,0,0,0,0,0,solo2,annotator2,0
ru0a49210eb0,0,0,0,0,0,0,solo2,annotator2,0
ruaed1c7938c,0,0,0,0,0,0,solo2,annotator2,0
ruc7ad4ac638,0,0,0,0,0,0,solo2,annotator2,0
ruad703ad347,0,0,0,0,0,0,solo2,annotator2,0
ru57b927e8fe,0,0,0,0,0,0,solo2,annotator2,0
ru53c40fd2ba,0,0,0,0,0,0,solo2,annotator2,0
ru903a1eb3dc,0,0,0,0,0,0,solo2,annotator2,0
rudcd087605c,0,0,0,0,0,0,solo2,annotator2,0
ruc136b175dd,0,0,0,0,0,0,solo2,annotator2,0
rue83d7bbcc2,0,0,0,0,0,0,solo2,annotator2,0
ru1179eebb13,0,0,0,0,0,0,solo2,annotator2,0
rua23f22ca46,0,1,0,0,0,0,solo2,annotator2,1
ru1c4041c08b,0,0,0,0,0,0,solo2,annotator2,0
ru89b7e372b4,0,0,0,0,0,0,solo2,annotator2,0
rub9da4b6813,0,0,0,0,0,0,mined_320,both-agree,0
rucb6acd8207,1,0,0,0,0,0,mined_320,both-agree,0
ru86ebe68a05,0,0,0,0,0,0,mined_320,both-agree,0
rue370e4edd6,0,0,0,0,0,0,mined_320,both-agree,0
ru1403ad041e,0,0,0,0,0,0,mined_320,both-agree,0
ru8a19a79bd4,0,0,0,0,0,0,mined_320,both-agree,0
ru70c3e2de5e,0,0,0,0,0,0,mined_320,both-agree,0
ru3155d2737c,0,0,0,0,0,0,mined_320,both-agree,0
ru9f5256ad83,0,0,0,0,0,0,mined_320,both-agree,0
ruc4a864cbe1,0,0,0,0,0,0,mined_320,both-agree,0
ru0be1f80e66,0,0,0,0,0,0,mined_320,both-agree,0
ru72fa32370c,0,0,0,0,0,0,mined_320,both-agree,0
rucdec6d775e,0,0,0,0,0,0,mined_320,both-agree,0
rufb95eaf66f,0,0,0,0,0,0,mined_320,both-agree,0
ru284d11683e,0,0,0,0,0,0,mined_320,both-agree,0
rue2f0b7e1bc,0,0,0,0,0,0,mined_320,both-agree,0
rud95f6b9e22,0,0,0,0,0,0,mined_320,both-agree,0
rueff4c44ec8,0,0,0,0,0,0,mined_320,both-agree,0
ru46148d5cc9,0,0,0,0,0,0,mined_320,both-agree,0
ru90532e9d61,0,0,0,0,0,0,mined_320,both-agree,0
ru777d3ef624,0,0,0,0,0,0,mined_320,both-agree,0
ru83af57dd33,0,0,0,0,0,0,mined_320,both-agree,0
rud98bc7fede,0,0,0,0,0,0,mined_320,both-agree,0
rud3a9a44b08,0,0,0,0,0,0,mined_320,both-agree,0
ru5bf482375e,0,0,0,0,0,0,mined_320,both-agree,0
ru494ac40657,0,0,0,0,0,0,mined_320,both-agree,0
ru267c21f6df,0,0,0,0,0,0,mined_320,both-agree,0
rua745ac2039,0,0,0,0,0,0,mined_320,both-agree,0
ru618c7f99bf,0,0,0,0,0,0,mined_320,both-agree,0
ruc05889f88a,0,0,0,0,0,0,mined_320,both-agree,0
ruc4ee4ec1aa,0,0,0,0,0,0,mined_320,both-agree,0
ruef6863e589,0,0,0,0,0,0,mined_320,both-agree,0
ruf5b1732bcc,0,0,0,0,0,0,mined_320,both-agree,0
ru85211a3fdf,0,0,0,0,0,0,mined_320,both-agree,0
ru1b67351665,0,0,0,0,0,0,mined_320,both-agree,0
ru4bb1358b4a,0,0,0,0,0,0,mined_320,both-agree,0
ru1f14216166,0,0,0,0,0,0,mined_320,both-agree,0
ru6e30298356,0,0,0,0,0,0,mined_320,both-agree,0
ru0650e84e2e,0,0,0,0,0,0,mined_320,both-agree,0
ruaccf47eebe,0,0,0,0,0,0,mined_320,both-agree,0
rua995185041,0,0,0,0,0,0,mined_320,both-agree,0
ru8c52962f5c,0,0,0,0,0,0,mined_320,both-agree,0
rucd1e657897,1,0,0,0,0,0,mined_320,both-agree,0
ru466616703e,0,0,0,0,1,1,mined_320,both-agree,0
rue44e2ac2fa,0,0,0,0,0,0,mined_320,both-agree,0
ru056d70f12d,0,0,0,0,0,0,mined_320,both-agree,0
rub592ec9417,0,0,0,0,0,0,mined_320,both-agree,0
ru95c4b91688,0,0,0,0,0,0,mined_320,both-agree,0
rue3a664b98c,0,0,0,0,0,0,mined_320,both-agree,0
ru18ff1bd1ea,0,0,0,0,0,0,mined_320,both-agree,0
rue0b66e97c5,1,0,0,0,0,0,mined_320,both-agree,0
ru812a9b5ead,0,0,0,0,0,0,mined_320,both-agree,0
ru76a7c912e4,0,0,0,0,0,0,mined_320,both-agree,0
rud18f3fde2c,0,0,0,0,0,0,mined_320,both-agree,0
rudb0e8db447,0,0,0,0,0,0,mined_320,both-agree,0
ru6ca583495a,0,0,0,0,0,0,mined_320,both-agree,0
rua8117627a9,0,0,0,0,0,0,mined_320,both-agree,0
ru3be07c0b6a,0,0,0,0,0,0,mined_320,both-agree,0
ru0bce59b9ec,0,0,0,0,0,0,mined_320,both-agree,0
ru4d84b09637,0,0,0,0,0,0,mined_320,both-agree,0
ruf17b2a442b,0,0,0,0,0,0,mined_320,both-agree,0
ru29795c6ddf,0,0,0,0,0,0,mined_320,both-agree,0
rud055b4c6d6,0,0,0,0,0,0,mined_320,both-agree,0
rubc370e18ff,0,0,0,0,0,0,mined_320,both-agree,0
ru64b87f5881,0,0,0,0,0,0,mined_320,both-agree,0
rubf887dfb4d,0,0,0,0,0,0,mined_320,both-agree,0
ru65717659bc,0,0,0,0,0,0,mined_320,both-agree,0
ru0ef9d19b7f,0,0,0,0,0,0,mined_320,both-agree,0
rufae0283c67,0,0,0,0,0,0,mined_320,both-agree,0
rua86bbf293a,0,0,0,0,0,0,mined_320,both-agree,0
rueded6bf893,0,0,0,0,0,0,mined_320,both-agree,0
ru8a6d4ba3c7,0,0,0,0,0,0,mined_320,both-agree,0
ruc445ea34ea,0,0,0,0,0,0,mined_320,both-agree,0
ru26c99f95a8,0,0,0,0,0,0,mined_320,both-agree,0
ru113b76eadf,0,0,0,0,0,0,mined_320,both-agree,0
rudb60ea4495,0,0,0,0,0,0,mined_320,both-agree,0
ruddc29fca14,0,0,0,0,0,0,mined_320,both-agree,0
ru3cde45e6dc,0,0,0,0,0,0,mined_320,both-agree,0
rufa352211a9,0,0,0,0,0,0,mined_320,both-agree,0
ru7415f1430b,0,0,0,0,0,0,mined_320,both-agree,0
rue1c88f5c0d,0,0,1,0,0,0,mined_320,both-agree,0
ru653fba5868,0,0,0,0,0,0,mined_320,both-agree,0
rubcbabb1992,0,0,0,0,0,0,mined_320,both-agree,0
ru603940180b,1,0,0,0,0,0,mined_320,both-agree,0
ru987baaa8db,0,0,0,0,0,0,mined_320,both-agree,0
rudd60271e98,0,0,0,0,0,0,mined_320,both-agree,0
ru3e07ee3593,0,0,0,0,0,0,mined_320,both-agree,0
ru45f446bd44,0,0,0,0,0,0,mined_320,both-agree,0
rub3874ffec5,0,0,0,0,0,0,mined_320,both-agree,0
ru4be8bd4a3c,0,0,0,0,0,0,mined_320,both-agree,0
ru8aedac4886,0,0,0,0,0,0,mined_320,both-agree,0
ru9fb1eb0bea,0,0,0,0,0,0,mined_320,both-agree,0
ru65d65fe9ea,0,0,0,0,0,0,mined_320,both-agree,0
ru6704d0b65b,0,0,0,0,0,0,mined_320,both-agree,0
ru9de794b72e,0,0,0,0,0,0,mined_320,both-agree,0
ru58f70c4dbd,0,0,0,0,0,0,mined_320,both-agree,0
ru4b9c161141,1,0,0,0,0,0,mined_320,both-agree,0
ru372e4ba0dc,0,0,0,0,0,0,mined_320,both-agree,0
ru4261a9e980,0,0,0,0,0,0,mined_320,both-agree,0
ru31508beda1,0,0,0,0,0,0,mined_320,both-agree,0
ruc418ec88af,0,0,0,0,0,0,mined_320,both-agree,0
rufcbc557355,0,0,0,0,0,0,mined_320,both-agree,0
ru5b90d63a13,0,0,0,0,0,0,mined_320,both-agree,0
ru3cd89ebce8,0,0,0,0,0,0,mined_320,both-agree,0
ru66389fdaac,0,0,0,0,0,0,mined_320,both-agree,0
rued71131479,0,0,0,0,0,0,mined_320,both-agree,0
ru4e6fca5b72,0,0,0,0,0,0,mined_320,both-agree,0
ru9bac0e418b,0,0,0,0,0,0,mined_320,both-agree,0
ru0234115148,0,0,0,0,1,1,mined_320,both-agree,0
ru3dfeaa9c21,0,0,0,0,0,0,mined_320,both-agree,0
ruef63fbe5ed,0,0,0,0,0,0,mined_320,both-agree,0
ruace3b11f25,1,0,0,0,0,0,mined_320,both-agree,0
rucf1264218c,0,0,0,0,0,0,mined_320,both-agree,0
rudbdee6c407,0,0,0,0,0,0,mined_320,both-agree,0
ru60579f1a2d,0,0,0,0,0,0,mined_320,both-agree,0
ru4584372bb0,0,0,0,0,0,0,mined_320,both-agree,0
rue82acb9b45,0,0,0,0,0,0,mined_320,both-agree,0
ru249614b260,0,0,0,0,0,0,mined_320,both-agree,0
ruf1d177ff7d,0,0,0,0,0,0,mined_320,both-agree,0
ruf67f9670d2,0,0,0,0,0,0,mined_320,both-agree,0
ru054e20ba60,0,0,0,0,0,0,mined_320,both-agree,0
ru1746669db1,0,0,0,0,0,0,mined_320,both-agree,0
rud03e1528c1,0,0,0,0,0,0,mined_320,both-agree,0
rue67842569d,0,0,0,0,0,0,mined_320,both-agree,0
ru0ba1d92521,0,0,0,0,1,1,mined_320,both-agree,0
ru11a37c6913,1,0,1,0,0,0,mined_320,both-agree,0
rud81530f549,0,0,0,0,0,0,mined_320,both-agree,0
ru0ec0f15d61,0,0,0,0,0,0,mined_320,both-agree,0
ru980a71caa0,0,0,0,0,0,0,mined_320,both-agree,0
rue383a6c677,0,0,0,0,0,0,mined_320,both-agree,0
ru53e09aefbe,0,0,0,0,0,0,mined_320,both-agree,0
ruc0700bbb05,0,0,0,0,0,0,mined_320,both-agree,0
ru937a7997a4,0,0,0,0,0,0,mined_320,both-agree,0
ru173c693ac7,0,0,0,0,0,0,mined_320,both-agree,0
ru62f04f4f87,0,0,0,0,0,0,mined_320,both-agree,0
rucde372001d,0,0,0,0,0,0,mined_320,both-agree,0
ru954dab14d4,0,0,0,0,0,0,mined_320,both-agree,0
rufbb43504ac,0,0,0,0,0,0,mined_320,both-agree,0
rua6b5e3cc21,0,0,0,0,0,0,mined_320,both-agree,0
rucdb84fc587,0,0,0,0,0,0,mined_320,both-agree,0
ru39d18311b0,0,0,0,0,0,0,mined_320,both-agree,0
ru1d6b63ce69,0,0,0,0,0,0,mined_320,both-agree,0
ru9cbc4c798c,1,0,1,0,0,0,mined_320,both-agree,0
ru9bfcc4315f,0,0,0,0,0,0,mined_320,both-agree,0
ru6121e7d1bd,0,0,0,0,0,0,mined_320,both-agree,0
rua62dbae268,0,0,0,0,0,0,mined_320,both-agree,0
ru1c63d378cd,0,0,0,0,1,1,mined_320,both-agree,0
ru5e3a7329dc,0,0,0,0,0,0,mined_320,both-agree,0
ru77ee44349e,1,0,0,0,0,0,mined_320,both-agree,0
ru0594910038,0,0,0,0,0,0,mined_320,both-agree,0
ru85b5c80c1b,0,0,0,0,0,0,mined_320,both-agree,0
rud8baaeb77d,0,0,0,0,0,0,mined_320,both-agree,0
ruafe8a758d1,1,0,0,0,0,0,mined_320,both-agree,0
ru8a3643c53c,0,0,0,0,0,0,mined_320,both-agree,0
ru936fc0d8e0,0,0,0,0,0,0,mined_320,both-agree,0
ru395e4c1dd6,0,0,0,0,0,0,mined_320,both-agree,0
rudbefa0678c,1,0,0,0,0,0,mined_320,both-agree,0
ruf7d8b32219,0,0,0,0,0,0,mined_320,both-agree,0
ru7862e019d3,0,0,0,0,0,0,mined_320,both-agree,0
ruc2b1f1c0b4,0,0,0,0,0,0,mined_320,both-agree,0
ru8556030e9f,0,0,1,0,0,0,mined_320,both-agree,0
ruc1315979e1,0,0,0,0,0,0,mined_320,both-agree,0
ruf204ec1bd7,0,0,0,0,1,0,mined_320,both-agree,0
ru335bfb0d2c,0,0,0,0,0,0,mined_320,both-agree,0
rufd04042254,0,0,0,0,0,0,mined_320,both-agree,0
ru31192a9454,0,0,0,0,0,0,mined_320,both-agree,0
ru774eca5ce9,0,0,0,0,0,0,mined_320,both-agree,0
ruc1400ebce1,0,0,0,0,0,0,mined_320,both-agree,0
ru61fa871fc3,0,0,0,0,0,0,mined_320,both-agree,0
rubd4953e31e,0,0,0,0,0,0,mined_320,both-agree,0
ru5c5e8ba86c,0,0,0,0,0,0,mined_320,both-agree,0
ru3dbf7a152f,0,0,0,0,0,0,mined_320,both-agree,0
rua15e7034ba,1,0,0,0,0,0,mined_320,both-agree,0
rucff44272a8,0,0,0,0,0,0,mined_320,both-agree,0
ru0e10f9babc,0,0,0,0,0,0,mined_320,both-agree,0
rucb1f5cef86,0,0,1,0,0,0,mined_320,both-agree,0
rudebe01d447,1,0,1,0,0,0,mined_320,both-agree,0
ru5539294a71,0,0,0,0,0,0,mined_320,both-agree,0
ru3a8181c038,0,0,0,0,0,0,mined_320,both-agree,0
ru6d0d4c7892,0,0,0,0,0,0,mined_320,both-agree,0
rucd26bf06dd,0,0,0,0,0,0,mined_320,both-agree,0
ru42e23d6b75,0,0,0,0,0,0,mined_320,both-agree,0
ru3bed4cd9fe,0,0,0,0,0,0,mined_320,both-agree,0
rueef139fa92,0,0,0,0,0,0,mined_320,both-agree,0
rue6540c0bb8,0,0,0,0,0,0,mined_320,both-agree,0
ru2694941f0c,0,0,0,0,0,1,mined_320,both-agree,0
ruffa5c8dc5a,0,0,0,0,0,0,mined_320,both-agree,0
ru2015a6173b,1,0,0,0,0,0,mined_320,both-agree,0
ru0cf3e32706,0,0,0,0,0,0,mined_320,both-agree,0
ru53264c9a1a,0,0,0,0,0,0,mined_320,both-agree,0
ru9c7f6c0d39,0,0,0,0,0,0,mined_320,both-agree,0
ru166eb1f0a9,0,0,0,0,0,0,mined_320,both-agree,0
ruaf4b14c98f,0,0,0,0,0,0,mined_320,both-agree,0
rudcc314ecf8,0,0,0,0,0,0,mined_320,both-agree,0
ruc52d42d777,0,0,0,0,0,0,mined_320,both-agree,0
rub03606a54f,0,0,0,0,0,0,mined_320,both-agree,0
ru7bc4acd724,0,0,0,0,0,0,mined_320,both-agree,0
ru6b4b9a36ba,1,0,1,0,0,0,mined_320,both-agree,0
ruabbe12acda,0,0,0,0,0,0,mined_320,both-agree,0
ru2ae4ec894e,0,0,0,0,0,0,mined_320,both-agree,0
ruc5f55769c2,0,0,0,0,0,0,mined_320,both-agree,0
ruffe8ba2110,0,0,0,0,0,0,mined_320,both-agree,0
ru736c6a24e5,0,0,0,0,0,0,mined_320,both-agree,0
ruca7048ac27,0,0,0,0,0,0,mined_320,both-agree,0
ruca11b651d1,0,0,0,0,0,0,mined_320,both-agree,0
ru4fbda32c30,0,0,0,0,0,0,mined_320,both-agree,0
ru9928bdc088,0,0,0,0,0,0,mined_320,both-agree,0
ru04ab28b5bb,1,0,0,0,0,0,mined_320,both-agree,0
ruf51cb45624,0,0,0,0,0,0,mined_320,both-agree,0
rufa6d9fc369,1,0,0,0,0,0,mined_320,both-agree,0
ruf2567b0237,0,0,0,0,0,0,mined_320,both-agree,0
ruda1ca2110f,0,0,0,0,0,0,mined_320,both-agree,0
ru5411f5d3ce,0,0,0,0,0,0,mined_320,both-agree,0
ru0cb1cfb914,0,0,0,0,0,0,mined_320,both-agree,0
ru2c79381e65,0,0,0,0,0,0,mined_320,both-agree,0
ru6dbded980d,0,0,0,0,0,0,mined_320,both-agree,0
rubbe48b71ac,0,0,0,0,0,0,mined_320,both-agree,0
ru1b3aba21d4,1,0,0,0,0,0,mined_320,both-agree,0
ru9e14a8c507,0,0,0,0,0,0,mined_320,both-agree,0
rufb97885e42,0,0,0,0,0,0,mined_320,both-agree,0
ru987aac8624,0,0,0,0,0,0,mined_320,both-agree,0
ru7107c166a5,0,0,0,0,0,0,mined_320,both-agree,0
ru74eef57af1,0,0,0,0,0,0,mined_320,both-agree,0
ru15eaa5be00,0,0,0,0,0,0,mined_320,both-agree,0
ru5057849dcd,1,0,0,0,0,0,mined_320,both-agree,0
ru6a0b1caecd,0,0,0,0,0,0,mined_320,both-agree,0
ru8e6c56536d,0,0,0,0,0,0,mined_320,both-agree,0
ruc38c71d59f,0,0,0,0,0,0,mined_320,both-agree,0
ru6936805aee,0,0,0,0,0,0,mined_320,both-agree,0
ru7c437a459b,1,0,0,0,0,0,mined_320,both-agree,0
rud3edfac130,0,0,0,0,0,0,mined_320,both-agree,0
ru90f0d38e98,0,0,0,0,0,0,mined_320,both-agree,0
ru22e9fde894,1,0,0,0,0,0,mined_320,both-agree,0
ru5eea089802,0,0,0,0,0,0,mined_320,both-agree,0
ru520d18687f,0,0,0,0,0,0,mined_320,both-agree,0
rue700969184,0,0,0,0,0,0,mined_320,both-agree,0
ru4c25014b46,0,0,0,0,0,1,mined_320,both-agree,0
ru9ad208e115,0,0,0,0,0,0,mined_320,both-agree,0
ruc9645d4f6e,0,0,0,0,0,0,mined_320,both-agree,0
ru22f3f7148e,0,0,0,0,0,0,mined_320,both-agree,0
ru66c2f2a17b,0,0,0,0,0,0,mined_320,both-agree,0
rub711a60c33,1,0,0,0,0,0,mined_320,both-agree,0
ru1c64000ec6,0,0,0,0,0,0,mined_320,both-agree,0
ruea02446e71,0,0,0,0,0,0,mined_320,both-agree,0
ru6eacc563c3,0,0,0,0,0,0,mined_320,both-agree,0
ru28ecd15b44,0,0,0,0,0,0,mined_320,both-agree,0
ru00e1412589,0,0,0,0,0,0,mined_320,both-agree,0
ru3f2724c20a,0,0,0,0,0,0,mined_320,both-agree,0
ruaee060028e,0,0,0,0,0,0,mined_320,both-agree,0
ru5e3809cf59,0,0,0,0,0,0,mined_320,both-agree,0
rude6a7085fc,0,0,0,0,0,0,mined_320,both-agree,0
ruc9dc3fca7c,0,0,0,0,0,0,mined_320,both-agree,0
ru94e6270434,0,0,0,0,0,0,mined_320,both-agree,0
ru3443ed716f,0,0,0,0,0,0,mined_320,both-agree,0
ru330dd86e47,0,0,0,0,0,0,mined_320,both-agree,0
ru1e70add771,0,0,0,0,0,0,mined_320,both-agree,0
ruc7e18ed5f6,0,0,0,0,0,0,mined_320,both-agree,0
ru2074b27ab6,1,0,0,0,0,0,mined_320,both-agree,0
ru62341a45b0,0,0,0,0,0,0,mined_320,both-agree,0
rua7ac481201,1,0,0,0,1,0,mined_320,both-agree,0
ru9ab70ac489,0,0,0,0,0,0,mined_320,both-agree,0
ru5970760db9,0,0,0,0,0,0,mined_320,both-agree,0
ru0fd966afb4,0,0,0,0,0,0,mined_320,both-agree,0
ru32c80c9764,0,0,0,0,0,0,mined_320,both-agree,0
ru1a3f4256a3,0,0,0,0,0,0,mined_320,both-agree,0
rub52c656e91,0,0,0,0,0,0,mined_320,both-agree,0
ru71a9156ca5,1,0,0,0,0,0,mined_320,both-agree,0
ru8b86312843,0,0,0,0,0,0,mined_320,both-agree,0
ru36af88aa10,0,0,0,0,0,0,mined_320,both-agree,0
rua8c98ab4e3,0,0,0,0,0,0,mined_320,both-agree,0
ru5da47af87b,0,0,0,0,0,0,mined_320,both-agree,0
ru8d37cd366b,0,0,0,0,0,0,mined_320,both-agree,0
ru7d889f8dd1,0,0,0,0,0,0,mined_320,both-agree,0
ru17a4599b9b,0,0,0,0,0,0,mined_320,both-agree,0
ru08273f4849,1,0,0,0,0,0,mined_320,both-agree,0
rua404a2b2f0,0,0,0,0,0,0,mined_320,both-agree,0
ruc2d8215fda,0,0,0,0,1,1,mined_320,both-agree,0
ru2ee254e8a8,0,0,1,0,0,0,mined_320,both-agree,0
ru79f0b48837,0,0,0,0,0,0,mined_320,both-agree,0
ruf622aa34de,0,0,0,0,0,0,mined_320,both-agree,0
rucdba365ba6,0,0,0,0,0,0,mined_320,both-agree,0
rua32bc4b29d,0,0,0,0,0,0,mined_320,both-agree,0
ru5188c17c56,1,0,0,0,0,0,mined_320,both-agree,0
ru60a7ebd372,0,0,0,0,0,0,mined_320,both-agree,0
ru4fcf166eb0,1,0,0,0,0,0,mined_320,both-agree,0
ru93f886a84f,0,0,0,0,0,0,mined_320,both-agree,0
rub10390a2a9,1,0,0,0,1,1,mined_320,both-agree,0
rue345d6b23f,0,0,0,0,0,0,mined_320,both-agree,0
ru402c7c806d,0,0,0,0,0,0,mined_320,both-agree,0
ru77ceeaeed3,0,0,0,0,0,0,mined_320,both-agree,0
ru470191f311,0,0,0,0,0,0,mined_320,both-agree,0
rua92086ef4e,0,0,0,0,0,0,mined_320,both-agree,0
ruc764bc42ba,0,0,0,0,1,1,mined_320,both-agree,0
ru49e02babb6,0,0,0,0,0,0,mined_320,both-agree,0
ru5c3e429e8c,1,0,0,0,0,0,mined_320,both-agree,0
rue1c7812893,0,0,0,0,0,0,mined_320,both-agree,0
rub7e7360dff,0,0,0,0,0,0,mined_320,both-agree,0
ru24b4c77be7,0,0,0,0,0,0,mined_320,both-agree,0
ru543bf12a5e,0,0,0,0,0,0,mined_320,both-agree,0
ru5e85ac7589,0,0,0,0,0,0,mined_320,both-agree,0
ru3df53b071f,0,0,0,0,0,0,mined_320,both-agree,0
rucc2fadf97d,0,0,0,0,0,0,mined_320,both-agree,0
rud0d212363c,0,0,0,0,0,0,mined_320,both-agree,0
ru8483c0a80c,0,0,0,0,0,1,mined_320,both-agree,0
ru8ef09eba34,0,0,0,0,0,0,mined_320,both-agree,0
ru88df3e90c6,0,0,0,0,0,0,mined_320,both-agree,0
ru0530aae474,0,0,0,0,0,0,mined_320,both-agree,0
ru3ef399da78,0,0,0,0,0,0,mined_320,both-agree,0
ru874c57c874,0,0,0,0,0,0,mined_320,both-agree,0
ru55169bf66f,0,0,0,0,0,0,mined_320,both-agree,0
rud606e638c3,0,0,0,1,1,0,mined_320,both-agree,1
ruc8c7658840,0,0,0,0,0,0,mined_320,both-agree,0
rua07a79173a,1,1,1,0,0,0,mined_320,both-agree,1
ru5b60a29f09,0,0,0,0,0,0,mined_320,both-agree,0
ru348b776e65,0,0,0,0,0,1,mined_320,both-agree,0
ru4e46df9688,1,0,0,0,0,0,mined_320,both-agree,0
ruf28fa5e3f5,0,0,0,0,0,1,mined_320,both-agree,0
rua926925e17,0,0,1,0,0,1,mined_320,both-agree,0
ruea81378308,0,0,0,0,0,0,mined_320,both-agree,0
ru620bfd38fd,0,0,0,0,0,0,mined_320,both-agree,0
ru64f0714c07,0,0,0,0,0,0,solo2_200_relabelled,both-agree,0
ru0426e82f17,0,0,0,0,0,0,solo2_200_relabelled,both-agree,0
ru4777c0bfa3,1,0,0,0,0,0,solo2_200_relabelled,both-agree,0
rued78fff7f6,0,0,0,0,0,0,solo2_200_relabelled,both-agree,0
ru4f895b19c4,0,0,0,0,0,0,solo2_200_relabelled,both-agree,0
ru3d498bfee3,0,0,0,0,0,0,solo2_200_relabelled,both-agree,0
ru1b3b1114c8,0,0,1,0,0,0,solo2_200_relabelled,both-agree,0
ru90e719a1c5,0,0,0,0,0,0,solo2_200_relabelled,both-agree,0
ru82a5015c90,1,1,0,0,0,0,solo2_200_relabelled,both-agree,1
ru2a1b2881eb,0,0,0,0,0,0,solo2_200_relabelled,both-agree,0
ru4600e3e87f,0,0,0,0,0,0,solo2_200_relabelled,both-agree,0
ru5b926976d1,0,0,0,0,0,0,solo2_200_relabelled,both-agree,0
ru9651dffee5,0,0,0,0,0,0,solo2_200_relabelled,both-agree,0
ruaacbfb8908,0,0,0,0,0,0,solo2_200_relabelled,both-agree,0
ru88859ba779,0,0,0,0,0,0,solo2_200_relabelled,both-agree,0
ru3824368fa9,0,0,0,0,0,0,solo2_200_relabelled,both-agree,0
ru674a7ed0e5,0,0,0,0,0,0,solo2_200_relabelled,both-agree,0
ru1df47dd235,1,0,0,0,0,0,solo2_200_relabelled,both-agree,0
rudd173bb3cd,0,0,0,0,0,0,solo2_200_relabelled,both-agree,0
ru89efd2cf62,0,0,0,0,0,0,solo2_200_relabelled,both-agree,0
rud659518e8e,1,0,0,0,0,0,solo2_200_relabelled,both-agree,0
ru280adb3738,0,0,0,0,0,0,solo2_200_relabelled,both-agree,0
ru7896fc4b75,0,0,0,0,1,0,solo2_200_relabelled,both-agree,0
ru1dea069425,0,0,0,0,0,0,solo2_200_relabelled,both-agree,0
rud683befe78,0,0,0,0,0,0,solo2_200_relabelled,both-agree,0
ru2f0fb8373c,0,0,0,0,0,0,solo2_200_relabelled,both-agree,0
ru934cd9b23f,0,0,0,0,0,0,solo2_200_relabelled,both-agree,0
ruedc0e86a8c,0,0,0,0,0,1,solo2_200_relabelled,both-agree,0
ru3134033638,1,0,0,0,1,1,solo2_200_relabelled,both-agree,0
ru82c7f12e8c,1,0,0,0,0,0,solo2_200_relabelled,both-agree,0
ru6a98a6941c,0,0,0,0,0,0,solo2_200_relabelled,both-agree,0
rued8583b2b9,0,0,0,0,0,0,solo2_200_relabelled,both-agree,0
ruaee58e7de8,0,0,0,0,0,0,solo2_200_relabelled,both-agree,0
ru1228a4b884,0,0,0,0,0,0,solo2_200_relabelled,both-agree,0
rud9da97936e,0,0,0,0,0,0,solo2_200_relabelled,both-agree,0
ru8256f82142,1,0,0,0,0,0,solo2_200_relabelled,both-agree,0
rub188469fb9,0,0,0,0,0,0,solo2_200_relabelled,both-agree,0
ru74918f43f2,1,0,0,0,0,0,solo2_200_relabelled,both-agree,0
rub32c7fddad,0,0,0,0,0,0,solo2_200_relabelled,both-agree,0
ru08fa724b11,0,0,0,0,0,0,solo2_200_relabelled,both-agree,0
ru3da57a2129,0,0,0,0,0,0,solo2_200_relabelled,both-agree,0
ru4eb354b70f,0,0,0,0,0,0,solo2_200_relabelled,both-agree,0
ru607a4984dc,0,0,0,0,0,0,solo2_200_relabelled,both-agree,0
ru081c87e476,0,0,0,0,0,0,solo2_200_relabelled,both-agree,0
rudd33128e2e,0,0,0,0,0,0,solo2_200_relabelled,both-agree,0
ru1dc5e275e7,0,0,0,0,0,0,solo2_200_relabelled,both-agree,0
ru7e71809363,0,0,0,0,0,0,solo2_200_relabelled,both-agree,0
ru0966e2e85d,0,0,0,0,0,0,solo2_200_relabelled,both-agree,0
ru6ab048ad9c,0,0,0,0,0,0,solo2_200_relabelled,both-agree,0
ru713e526873,0,0,0,0,0,0,solo2_200_relabelled,both-agree,0
ru8d38ee7e2c,0,0,0,0,0,0,solo2_200_relabelled,both-agree,0
ru9bdc2ab970,0,0,0,0,0,0,solo2_200_relabelled,both-agree,0
ru0c0413f70f,0,0,0,0,0,0,solo2_200_relabelled,both-agree,0
ru1dab3d8ea2,0,0,0,0,0,0,solo2_200_relabelled,both-agree,0
ru89e28562d8,1,0,1,0,0,0,solo2_200_relabelled,both-agree,0
ru2f0214beed,0,0,0,0,0,0,solo2_200_relabelled,both-agree,0
ru87f9ad317d,0,0,0,0,0,0,solo2_200_relabelled,both-agree,0
rub8a8975661,1,1,0,1,0,0,solo2_200_relabelled,both-agree,1
ru3943fcc495,0,0,0,0,0,0,solo2_200_relabelled,both-agree,0
ru6763ccb1c4,0,0,0,0,0,0,solo2_200_relabelled,both-agree,0
rua74a756288,0,0,0,0,0,0,solo2_200_relabelled,both-agree,0
rubdf1ff0638,0,0,0,0,0,0,solo2_200_relabelled,both-agree,0
ru9a934ae07f,0,0,0,0,0,0,solo2_200_relabelled,both-agree,0
ruc78eeb6328,1,0,0,0,0,0,solo2_200_relabelled,both-agree,0
ru7eda4951a3,0,0,0,0,0,0,solo2_200_relabelled,both-agree,0
ru12c904819a,0,0,0,0,0,0,solo2_200_relabelled,both-agree,0
rua6c7ef902e,1,1,0,0,0,0,solo2_200_relabelled,both-agree,1
rua3e846a389,0,0,0,0,0,0,solo2_200_relabelled,both-agree,0
ru819d22c470,0,0,0,0,0,0,solo2_200_relabelled,both-agree,0
rub56229b0d9,0,0,0,0,0,0,solo2_200_relabelled,both-agree,0
ru8cf802b58b,0,0,0,0,0,0,solo2_200_relabelled,both-agree,0
rub9a382ad80,0,0,0,0,0,0,solo2_200_relabelled,both-agree,0
ru772413ddb2,1,0,0,0,0,0,solo2_200_relabelled,both-agree,0
ru99cb9b8432,1,0,0,0,0,0,solo2_200_relabelled,both-agree,0
ru9ac02d17df,0,0,0,0,0,0,solo2_200_relabelled,both-agree,0
ru30f208263e,0,0,0,0,0,0,solo2_200_relabelled,both-agree,0
rudcda23d1c2,0,0,0,0,0,0,solo2_200_relabelled,both-agree,0
rue6997741bd,0,1,0,0,0,0,solo2_200_relabelled,both-agree,1
ru7f2a57200c,1,1,0,0,0,0,solo2_200_relabelled,both-agree,1
ru11ef23b4ac,0,0,0,0,0,0,solo2_200_relabelled,both-agree,0
ruc83dbbf8e4,0,0,0,0,0,0,solo2_200_relabelled,both-agree,0
rue0fd234184,1,0,0,0,0,0,solo2_200_relabelled,both-agree,0
rudb87078385,0,0,0,0,0,0,solo2_200_relabelled,both-agree,0
ru33786bc244,0,0,0,0,0,0,solo2_200_relabelled,both-agree,0
ru22456d3deb,0,0,0,0,0,1,solo2_200_relabelled,both-agree,0
ruf24c8a4493,0,0,0,0,0,0,solo2_200_relabelled,both-agree,0
ru71e27a3f86,0,0,0,0,0,0,solo2_200_relabelled,both-agree,0
ru28d2892dc4,1,0,0,0,1,1,solo2_200_relabelled,both-agree,0
ru4282dc01d2,0,0,0,0,0,0,solo2_200_relabelled,both-agree,0
rue7c40e40ae,0,0,1,0,0,0,solo2_200_relabelled,both-agree,0
ru33951ca2ab,0,0,0,0,0,0,solo2_200_relabelled,both-agree,0
ruf75d9ff5b0,0,0,0,0,0,0,solo2_200_relabelled,both-agree,0
ru1d6cea85b6,1,0,0,0,0,0,solo2_200_relabelled,both-agree,0
rubb6b8d4af1,0,0,0,0,0,0,solo2_200_relabelled,both-agree,0
ru9c5488fa1b,1,0,0,0,0,0,solo2_200_relabelled,both-agree,0
rue58bf4236b,1,0,0,0,0,0,solo2_200_relabelled,both-agree,0
ru3806286173,0,0,0,0,0,0,solo2_200_relabelled,both-agree,0
ru7a0ca247a2,1,0,0,0,0,0,solo2_200_relabelled,both-agree,0
ru816a943747,0,0,0,0,0,0,solo2_200_relabelled,both-agree,0
ru3a97250469,0,0,0,0,0,0,solo2_200_relabelled,both-agree,0
ru11e12dadf4,0,0,0,0,0,0,solo2_200_relabelled,both-agree,0
ru72f08dd721,0,0,0,0,0,0,solo2_200_relabelled,both-agree,0
rue02350a3e4,0,0,0,0,1,1,solo2_200_relabelled,both-agree,0
ru2f5714fd34,1,1,0,0,0,0,solo2_200_relabelled,both-agree,1
ru578fe3887a,0,0,0,0,0,0,solo2_200_relabelled,both-agree,0
ruc28f5c4304,1,0,1,0,0,0,solo2_200_relabelled,both-agree,0
rubf6d9f0dc6,0,0,0,0,0,0,solo2_200_relabelled,both-agree,0
ru5ac9186991,0,0,0,0,0,0,solo2_200_relabelled,both-agree,0
ru4b8fe7373d,0,0,0,0,0,0,solo2_200_relabelled,both-agree,0
ru218298a5ab,1,0,0,0,0,0,solo2_200_relabelled,both-agree,0
ruaecd1a8da6,0,0,0,0,0,0,solo2_200_relabelled,both-agree,0
ruc0d190dba5,0,0,0,0,0,0,solo2_200_relabelled,both-agree,0
rud9cb699b09,0,0,0,0,0,0,solo2_200_relabelled,both-agree,0
ruee67bff0a4,0,0,0,0,0,0,solo2_200_relabelled,both-agree,0
ruccc0730a12,0,0,0,0,0,0,solo2_200_relabelled,both-agree,0
rub047b848b3,0,0,0,0,0,0,solo2_200_relabelled,both-agree,0
rufe56338e93,1,1,0,0,0,0,solo2_200_relabelled,both-agree,1
ru0e60e9baec,0,0,0,0,0,0,solo2_200_relabelled,both-agree,0
rua9b2ff9044,0,0,0,0,0,0,solo2_200_relabelled,both-agree,0
ru3b9a921fa1,1,0,0,0,0,0,solo2_200_relabelled,both-agree,0
ru00aa028805,1,0,0,0,1,0,solo2_200_relabelled,both-agree,0
ru256bb6416b,0,0,0,0,0,0,solo2_200_relabelled,both-agree,0
ruce223badf8,0,0,0,0,0,0,solo2_200_relabelled,both-agree,0
ru1bc2625f11,0,0,0,0,0,0,solo2_200_relabelled,both-agree,0
ru28f0ced327,1,0,0,0,0,0,solo2_200_relabelled,both-agree,0
ru65db51f277,0,0,0,0,0,0,solo2_200_relabelled,both-agree,0
ru1294d54b92,0,0,0,0,1,1,solo2_200_relabelled,both-agree,0
rueab802a3b2,0,0,0,0,0,0,solo2_200_relabelled,both-agree,0
ru916d85cea3,0,0,0,0,0,0,solo2_200_relabelled,both-agree,0
ru00527ef8a6,1,1,0,0,0,0,solo2_200_relabelled,both-agree,1
ru569eaf9a9d,0,0,0,0,0,0,solo2_200_relabelled,both-agree,0
rudbcfd6e978,0,0,0,0,0,0,solo2_200_relabelled,both-agree,0
ru83d1f5383b,1,1,0,0,0,0,solo2_200_relabelled,both-agree,1
ru5cfb1d6b08,1,0,0,0,0,0,solo2_200_relabelled,both-agree,0
ru7ab783c4a3,1,0,0,0,0,0,solo2_200_relabelled,both-agree,0
ru31fe635f5d,0,0,0,0,0,0,solo2_200_relabelled,both-agree,0
ruf36ce57a49,0,0,0,0,0,0,solo2_200_relabelled,both-agree,0
ru04379b10fd,0,0,0,0,0,0,solo2_200_relabelled,both-agree,0
ru9f4848c051,1,1,0,0,1,1,solo2_200_relabelled,both-agree,1
rue14afcd65b,0,0,0,0,0,0,solo2_200_relabelled,both-agree,0
ru1320255d13,0,0,0,0,0,0,solo2_200_relabelled,both-agree,0
ru0ca7de9dc6,0,0,0,0,1,0,solo2_200_relabelled,both-agree,0
ru2e097a2e75,0,0,0,0,0,0,solo2_200_relabelled,both-agree,0
ru606414faa1,1,0,1,0,0,0,solo2_200_relabelled,both-agree,0
ru8e75444149,0,0,0,0,0,0,solo2_200_relabelled,both-agree,0
ru6b919eaa98,1,0,0,0,0,0,solo2_200_relabelled,both-agree,0
ru923ef11823,0,0,0,0,0,0,solo2_200_relabelled,both-agree,0
ru94e03145af,0,0,1,0,0,0,solo2_200_relabelled,both-agree,0
ru9c855f214a,1,0,0,0,0,0,solo2_200_relabelled,both-agree,0
ruc1a904743d,0,0,1,0,0,0,solo2_200_relabelled,both-agree,0
ru7e7d895f07,0,0,0,0,0,0,solo2_200_relabelled,both-agree,0
ru5b8cb22b19,0,0,0,0,0,0,solo2_200_relabelled,both-agree,0
ru4ee1b780f6,1,0,0,0,0,0,solo2_200_relabelled,both-agree,0
rua6ef789e4a,0,0,0,0,0,0,solo2_200_relabelled,both-agree,0
ru95e3434cc4,0,0,0,0,0,0,solo2_200_relabelled,both-agree,0
ru182824d858,0,0,0,0,0,0,solo2_200_relabelled,both-agree,0
ru47b0b9ce93,1,1,0,0,0,1,solo2_200_relabelled,both-agree,1
ru8b01c57a38,0,0,0,0,0,0,solo2_200_relabelled,both-agree,0
ru29ed1edc6a,0,0,0,0,1,1,solo2_200_relabelled,both-agree,0
ru613edd2060,1,1,0,0,0,0,solo2_200_relabelled,both-agree,1
rua3141f641c,0,0,0,0,0,0,solo2_200_relabelled,both-agree,0
ruee13f88ddb,0,0,0,0,0,0,solo2_200_relabelled,both-agree,0
ru0cb7dbc4ab,0,0,0,0,0,0,solo2_200_relabelled,both-agree,0
ruba3bb1fbb5,0,0,0,0,0,0,solo2_200_relabelled,both-agree,0
ru136e544c76,0,0,0,0,0,0,solo2_200_relabelled,both-agree,0
ru966e84601a,1,0,0,0,0,0,solo2_200_relabelled,both-agree,0
ru36b6318e55,0,0,0,0,0,0,solo2_200_relabelled,both-agree,0
ru3ab3d5d68f,0,0,0,0,0,0,solo2_200_relabelled,both-agree,0
rua7eb4bb196,0,0,0,0,0,0,solo2_200_relabelled,both-agree,0
ru060492a2b1,0,0,0,0,0,0,solo2_200_relabelled,both-agree,0
ru5ffde9130d,0,0,0,0,0,0,solo2_200_relabelled,both-agree,0
ru3c78837fa5,0,0,0,0,0,0,solo2_200_relabelled,both-agree,0
ruc352abc620,1,0,0,0,0,0,solo2_200_relabelled,both-agree,0
ru94797ff1e7,1,1,0,0,0,0,solo2_200_relabelled,both-agree,1
rudeafee9679,0,0,0,0,0,0,solo2_200_relabelled,both-agree,0
rua1177f8d0f,0,0,0,0,0,0,solo2_200_relabelled,both-agree,0
ru4590984033,1,0,0,0,0,1,solo2_200_relabelled,both-agree,0
rua8133bc86b,0,0,0,0,0,0,solo2_200_relabelled,both-agree,0
rua6e39efc19,0,0,0,0,0,0,solo2_200_relabelled,both-agree,0
ru53c2813bb0,0,0,0,0,0,0,solo2_200_relabelled,both-agree,0
ru25fc369ac2,1,0,0,0,1,0,solo2_200_relabelled,both-agree,0
rua5d2da6021,0,0,0,0,0,0,solo2_200_relabelled,both-agree,0
rub152026c3a,0,0,0,0,0,0,solo2_200_relabelled,both-agree,0
ruf90a144f3c,0,0,0,0,0,1,solo2_200_relabelled,both-agree,0
rub46f17703d,1,1,0,0,0,0,solo2_200_relabelled,both-agree,1
ru0c994dc766,1,0,0,0,0,0,solo2_200_relabelled,both-agree,0
rud1b2fe1499,0,0,0,0,0,0,solo2_200_relabelled,both-agree,0
rub5ce99b73c,0,0,0,0,0,0,solo2_200_relabelled,both-agree,0
ru5586a9d4b2,0,0,0,0,0,0,solo2_200_relabelled,both-agree,0
rufa74ac7ea9,0,0,0,0,0,0,solo2_200_relabelled,both-agree,0
ru097faec5d0,0,0,0,0,0,0,solo2_200_relabelled,both-agree,0
ru0baa5b2c8a,0,0,0,0,0,0,solo2_200_relabelled,both-agree,0
ru5b01862cb1,0,0,0,0,0,0,solo2_200_relabelled,both-agree,0
ru3cc12e9ab2,1,1,0,0,0,0,solo2_200_relabelled,both-agree,1
ru47ea47f9f2,0,0,0,0,0,0,solo2_200_relabelled,both-agree,0
ru723a2947d4,1,1,0,0,1,1,solo2_200_relabelled,both-agree,1
ru8c2332f81f,1,0,1,0,0,0,solo2_200_relabelled,both-agree,0
rubf9e19cb8d,0,0,0,0,0,0,solo2_200_relabelled,both-agree,0
rua718df06a2,1,0,0,0,0,0,solo2_200_relabelled,both-agree,0
ruf79391ac34,1,0,0,0,0,0,solo2_200_relabelled,both-agree,0
